borehole_id,x,y,z_top,z_bottom,formation_id,formation_name,thickness,color,density
ZK001,125.85,93.44,-8.67,-18.91,1,填土,10.23,#8B4513,1.65
ZK001,125.85,93.44,-13.85,-31.48,2,粘土,17.63,#D2691E,1.85
ZK001,125.85,93.44,-23.44,-38.58,3,粉质粘土,15.14,#CD853F,1.75
ZK001,125.85,93.44,-40.65,-67.15,4,细砂,26.5,#F4A460,1.95
ZK001,125.85,93.44,-58.78,-85.24,5,中砂,26.47,#DEB887,2.05
ZK001,125.85,93.44,-68.99,-91.89,6,粗砂,22.9,#D2B48C,2.1
ZK001,125.85,93.44,-83.32,-107.75,7,砾砂,24.44,#BC8F8F,2.15
ZK001,125.85,93.44,-95.1,-121.05,8,卵石层,25.95,#A0522D,2.25
ZK001,125.85,93.44,-123.18,-168.27,9,强风化岩,45.09,#8B7355,2.4
ZK001,125.85,93.44,-152.52,-204.05,10,中风化岩,51.53,#696969,2.5
ZK002,98.62,228.79,-1.24,-5.76,1,填土,4.52,#8B4513,1.65
ZK002,98.62,228.79,-6.68,-14.42,2,粘土,7.74,#D2691E,1.85
ZK002,98.62,228.79,-15.17,-23.71,3,粉质粘土,8.53,#CD853F,1.75
ZK002,98.62,228.79,-19.72,-32.12,4,细砂,12.4,#F4A460,1.95
ZK002,98.62,228.79,-29.79,-44.3,5,中砂,14.51,#DEB887,2.05
ZK002,98.62,228.79,-39.95,-46.91,6,粗砂,6.96,#D2B48C,2.1
ZK002,98.62,228.79,-47.74,-64.76,7,砾砂,17.02,#BC8F8F,2.15
ZK002,98.62,228.79,-62.94,-83.3,8,卵石层,20.36,#A0522D,2.25
ZK002,98.62,228.79,-81.26,-108.84,9,强风化岩,27.58,#8B7355,2.4
ZK002,98.62,228.79,-99.44,-133.71,10,中风化岩,34.27,#696969,2.5
ZK002,98.62,228.79,-127.37,-161.45,11,微风化岩,34.08,#2F4F4F,2.65
ZK002,98.62,228.79,-162.9,-226.49,12,基岩,63.59,#1C1C1C,2.75
ZK003,118.57,322.03,1.33,0.46,1,填土,0.87,#8B4513,1.65
ZK003,118.57,322.03,-7.34,-16.3,2,粘土,8.96,#D2691E,1.85
ZK003,118.57,322.03,-14.77,-21.76,3,粉质粘土,6.99,#CD853F,1.75
ZK003,118.57,322.03,-26.85,-38.87,4,细砂,12.02,#F4A460,1.95
ZK003,118.57,322.03,-42.27,-49.57,5,中砂,7.3,#DEB887,2.05
ZK003,118.57,322.03,-54.2,-63.18,6,粗砂,8.98,#D2B48C,2.1
ZK003,118.57,322.03,-63.14,-74.32,7,砾砂,11.19,#BC8F8F,2.15
ZK003,118.57,322.03,-82.41,-92.84,8,卵石层,10.43,#A0522D,2.25
ZK003,118.57,322.03,-107.36,-133.01,9,强风化岩,25.65,#8B7355,2.4
ZK003,118.57,322.03,-145.18,-179.68,10,中风化岩,34.5,#696969,2.5
ZK003,118.57,322.03,-185.78,-237.69,11,微风化岩,51.92,#2F4F4F,2.65
ZK004,110.75,441.66,-1.67,-8.13,1,填土,6.46,#8B4513,1.65
ZK004,110.75,441.66,-6.81,-18.98,2,粘土,12.17,#D2691E,1.85
ZK004,110.75,441.66,-21.85,-31.58,3,粉质粘土,9.73,#CD853F,1.75
ZK004,110.75,441.66,-32.02,-44.1,4,细砂,12.08,#F4A460,1.95
ZK004,110.75,441.66,-49.37,-60.53,5,中砂,11.16,#DEB887,2.05
ZK004,110.75,441.66,-65.41,-77.2,6,粗砂,11.78,#D2B48C,2.1
ZK004,110.75,441.66,-79.42,-90.97,7,砾砂,11.56,#BC8F8F,2.15
ZK004,110.75,441.66,-99.97,-130.14,8,卵石层,30.16,#A0522D,2.25
ZK004,110.75,441.66,-129.1,-166.88,9,强风化岩,37.78,#8B7355,2.4
ZK004,110.75,441.66,-167.83,-203.36,10,中风化岩,35.53,#696969,2.5
ZK005,107.56,549.49,-6.58,-13.02,1,填土,6.44,#8B4513,1.65
ZK005,107.56,549.49,-13.44,-24.25,2,粘土,10.81,#D2691E,1.85
ZK005,107.56,549.49,-19.28,-26.32,3,粉质粘土,7.04,#CD853F,1.75
ZK005,107.56,549.49,-27.19,-37.91,4,细砂,10.72,#F4A460,1.95
ZK005,107.56,549.49,-39.38,-48.5,5,中砂,9.12,#DEB887,2.05
ZK005,107.56,549.49,-48.09,-53.85,6,粗砂,5.76,#D2B48C,2.1
ZK005,107.56,549.49,-56.17,-69.24,7,砾砂,13.07,#BC8F8F,2.15
ZK005,107.56,549.49,-68.72,-94.24,8,卵石层,25.52,#A0522D,2.25
ZK005,107.56,549.49,-87.83,-114.64,9,强风化岩,26.81,#8B7355,2.4
ZK005,107.56,549.49,-119.37,-153.45,10,中风化岩,34.08,#696969,2.5
ZK005,107.56,549.49,-143.78,-179.59,11,微风化岩,35.82,#2F4F4F,2.65
ZK005,107.56,549.49,-177.79,-258.8,12,基岩,81.01,#1C1C1C,2.75
ZK006,109.78,658.86,-5.6,-10.92,1,填土,5.32,#8B4513,1.65
ZK006,109.78,658.86,-5.32,-13.13,2,粘土,7.81,#D2691E,1.85
ZK006,109.78,658.86,-21.09,-26.27,3,粉质粘土,5.18,#CD853F,1.75
ZK006,109.78,658.86,-27.81,-43.18,4,细砂,15.37,#F4A460,1.95
ZK006,109.78,658.86,-41.62,-52.88,5,中砂,11.26,#DEB887,2.05
ZK006,109.78,658.86,-52.45,-64.31,6,粗砂,11.86,#D2B48C,2.1
ZK006,109.78,658.86,-61.04,-82.93,7,砾砂,21.89,#BC8F8F,2.15
ZK006,109.78,658.86,-72.99,-98.35,8,卵石层,25.36,#A0522D,2.25
ZK006,109.78,658.86,-94.41,-116.87,9,强风化岩,22.46,#8B7355,2.4
ZK006,109.78,658.86,-116.12,-139.08,10,中风化岩,22.95,#696969,2.5
ZK006,109.78,658.86,-148.79,-188.16,11,微风化岩,39.37,#2F4F4F,2.65
ZK006,109.78,658.86,-186.06,-252.26,12,基岩,66.2,#1C1C1C,2.75
ZK007,108.84,767.8,0.0,-4.14,1,填土,4.14,#8B4513,1.65
ZK007,108.84,767.8,-6.39,-17.06,2,粘土,10.68,#D2691E,1.85
ZK007,108.84,767.8,-20.74,-28.47,3,粉质粘土,7.73,#CD853F,1.75
ZK007,108.84,767.8,-35.58,-54.6,4,细砂,19.02,#F4A460,1.95
ZK007,108.84,767.8,-50.28,-61.3,5,中砂,11.02,#DEB887,2.05
ZK007,108.84,767.8,-66.62,-77.33,6,粗砂,10.71,#D2B48C,2.1
ZK007,108.84,767.8,-79.82,-106.32,7,砾砂,26.5,#BC8F8F,2.15
ZK007,108.84,767.8,-103.74,-121.88,8,卵石层,18.14,#A0522D,2.25
ZK007,108.84,767.8,-131.99,-170.72,9,强风化岩,38.74,#8B7355,2.4
ZK007,108.84,767.8,-169.44,-216.67,10,中风化岩,47.23,#696969,2.5
ZK008,96.67,889.56,0.0,-3.03,1,填土,3.03,#8B4513,1.65
ZK008,96.67,889.56,-5.23,-20.47,2,粘土,15.24,#D2691E,1.85
ZK008,96.67,889.56,-17.26,-27.63,3,粉质粘土,10.37,#CD853F,1.75
ZK008,96.67,889.56,-31.01,-43.07,4,细砂,12.06,#F4A460,1.95
ZK008,96.67,889.56,-44.74,-60.83,5,中砂,16.08,#DEB887,2.05
ZK008,96.67,889.56,-60.88,-70.54,6,粗砂,9.66,#D2B48C,2.1
ZK008,96.67,889.56,-67.9,-91.55,7,砾砂,23.65,#BC8F8F,2.15
ZK008,96.67,889.56,-90.3,-109.13,8,卵石层,18.83,#A0522D,2.25
ZK008,96.67,889.56,-110.33,-144.17,9,强风化岩,33.84,#8B7355,2.4
ZK008,96.67,889.56,-142.0,-168.79,10,中风化岩,26.79,#696969,2.5
ZK008,96.67,889.56,-181.48,-241.67,11,微风化岩,60.19,#2F4F4F,2.65
ZK009,217.28,100.38,0.0,-3.44,1,填土,3.44,#8B4513,1.65
ZK009,217.28,100.38,-5.0,-19.04,2,粘土,14.04,#D2691E,1.85
ZK009,217.28,100.38,-18.66,-27.95,3,粉质粘土,9.29,#CD853F,1.75
ZK009,217.28,100.38,-28.54,-44.07,4,细砂,15.53,#F4A460,1.95
ZK009,217.28,100.38,-39.97,-48.06,5,中砂,8.09,#DEB887,2.05
ZK009,217.28,100.38,-52.96,-63.31,6,粗砂,10.35,#D2B48C,2.1
ZK009,217.28,100.38,-63.84,-85.12,7,砾砂,21.28,#BC8F8F,2.15
ZK009,217.28,100.38,-83.49,-113.43,8,卵石层,29.93,#A0522D,2.25
ZK009,217.28,100.38,-105.12,-140.26,9,强风化岩,35.14,#8B7355,2.4
ZK009,217.28,100.38,-137.24,-180.44,10,中风化岩,43.2,#696969,2.5
ZK009,217.28,100.38,-170.88,-220.76,11,微风化岩,49.88,#2F4F4F,2.65
ZK010,229.5,222.72,-5.35,-16.56,1,填土,11.21,#8B4513,1.65
ZK010,229.5,222.72,-9.99,-32.21,2,粘土,22.22,#D2691E,1.85
ZK010,229.5,222.72,-20.67,-43.38,3,粉质粘土,22.71,#CD853F,1.75
ZK010,229.5,222.72,-33.91,-62.66,4,细砂,28.75,#F4A460,1.95
ZK010,229.5,222.72,-47.83,-74.0,5,中砂,26.16,#DEB887,2.05
ZK010,229.5,222.72,-59.9,-82.42,6,粗砂,22.52,#D2B48C,2.1
ZK010,229.5,222.72,-69.65,-90.28,7,砾砂,20.63,#BC8F8F,2.15
ZK010,229.5,222.72,-85.9,-122.85,8,卵石层,36.96,#A0522D,2.25
ZK010,229.5,222.72,-106.78,-141.56,9,强风化岩,34.78,#8B7355,2.4
ZK010,229.5,222.72,-134.64,-188.11,10,中风化岩,53.48,#696969,2.5
ZK010,229.5,222.72,-169.45,-243.75,11,微风化岩,74.3,#2F4F4F,2.65
ZK011,213.86,339.72,0.0,-3.59,1,填土,3.59,#8B4513,1.65
ZK011,213.86,339.72,-5.38,-15.68,2,粘土,10.3,#D2691E,1.85
ZK011,213.86,339.72,-17.77,-22.67,3,粉质粘土,4.9,#CD853F,1.75
ZK011,213.86,339.72,-26.92,-37.79,4,细砂,10.87,#F4A460,1.95
ZK011,213.86,339.72,-43.08,-57.08,5,中砂,14.01,#DEB887,2.05
ZK011,213.86,339.72,-57.08,-64.96,6,粗砂,7.88,#D2B48C,2.1
ZK011,213.86,339.72,-68.38,-78.18,7,砾砂,9.8,#BC8F8F,2.15
ZK011,213.86,339.72,-87.23,-102.2,8,卵石层,14.97,#A0522D,2.25
ZK011,213.86,339.72,-111.46,-145.99,9,强风化岩,34.53,#8B7355,2.4
ZK011,213.86,339.72,-143.76,-177.23,10,中风化岩,33.46,#696969,2.5
ZK011,213.86,339.72,-184.15,-225.77,11,微风化岩,41.62,#2F4F4F,2.65
ZK012,239.18,432.75,2.22,-0.49,1,填土,2.7,#8B4513,1.65
ZK012,239.18,432.75,-2.96,-8.15,2,粘土,5.19,#D2691E,1.85
ZK012,239.18,432.75,-14.87,-18.8,3,粉质粘土,3.94,#CD853F,1.75
ZK012,239.18,432.75,-23.67,-31.26,4,细砂,7.59,#F4A460,1.95
ZK012,239.18,432.75,-36.98,-42.71,5,中砂,5.73,#DEB887,2.05
ZK012,239.18,432.75,-50.44,-58.39,6,粗砂,7.95,#D2B48C,2.1
ZK012,239.18,432.75,-61.31,-69.7,7,砾砂,8.38,#BC8F8F,2.15
ZK012,239.18,432.75,-79.43,-99.38,8,卵石层,19.95,#A0522D,2.25
ZK012,239.18,432.75,-102.73,-120.1,9,强风化岩,17.36,#8B7355,2.4
ZK012,239.18,432.75,-133.79,-172.9,10,中风化岩,39.11,#696969,2.5
ZK012,239.18,432.75,-174.84,-204.4,11,微风化岩,29.56,#2F4F4F,2.65
ZK013,205.92,536.48,-3.31,-10.08,1,填土,6.77,#8B4513,1.65
ZK013,205.92,536.48,-11.31,-24.99,2,粘土,13.68,#D2691E,1.85
ZK013,205.92,536.48,-18.72,-28.48,3,粉质粘土,9.76,#CD853F,1.75
ZK013,205.92,536.48,-26.88,-47.51,4,细砂,20.63,#F4A460,1.95
ZK013,205.92,536.48,-37.94,-52.35,5,中砂,14.41,#DEB887,2.05
ZK013,205.92,536.48,-54.4,-62.59,6,粗砂,8.19,#D2B48C,2.1
ZK013,205.92,536.48,-63.92,-78.42,7,砾砂,14.5,#BC8F8F,2.15
ZK013,205.92,536.48,-79.19,-105.51,8,卵石层,26.33,#A0522D,2.25
ZK013,205.92,536.48,-98.69,-140.64,9,强风化岩,41.95,#8B7355,2.4
ZK013,205.92,536.48,-124.74,-158.66,10,中风化岩,33.93,#696969,2.5
ZK013,205.92,536.48,-157.24,-199.94,11,微风化岩,42.7,#2F4F4F,2.65
ZK013,205.92,536.48,-199.21,-292.21,12,基岩,93.0,#1C1C1C,2.75
ZK014,245.52,668.97,-4.96,-9.59,1,填土,4.63,#8B4513,1.65
ZK014,245.52,668.97,-5.52,-18.48,2,粘土,12.96,#D2691E,1.85
ZK014,245.52,668.97,-16.58,-26.95,3,粉质粘土,10.38,#CD853F,1.75
ZK014,245.52,668.97,-26.64,-39.97,4,细砂,13.33,#F4A460,1.95
ZK014,245.52,668.97,-42.89,-52.86,5,中砂,9.98,#DEB887,2.05
ZK014,245.52,668.97,-53.42,-63.35,6,粗砂,9.93,#D2B48C,2.1
ZK014,245.52,668.97,-63.0,-82.12,7,砾砂,19.12,#BC8F8F,2.15
ZK014,245.52,668.97,-83.85,-100.58,8,卵石层,16.73,#A0522D,2.25
ZK014,245.52,668.97,-104.26,-145.33,9,强风化岩,41.08,#8B7355,2.4
ZK014,245.52,668.97,-134.01,-178.88,10,中风化岩,44.87,#696969,2.5
ZK014,245.52,668.97,-173.03,-208.72,11,微风化岩,35.69,#2F4F4F,2.65
ZK015,217.04,782.77,0.0,-5.05,1,填土,5.05,#8B4513,1.65
ZK015,217.04,782.77,-5.58,-17.16,2,粘土,11.58,#D2691E,1.85
ZK015,217.04,782.77,-18.42,-27.47,3,粉质粘土,9.05,#CD853F,1.75
ZK015,217.04,782.77,-27.91,-43.38,4,细砂,15.47,#F4A460,1.95
ZK015,217.04,782.77,-44.65,-52.53,5,中砂,7.87,#DEB887,2.05
ZK015,217.04,782.77,-59.17,-64.04,6,粗砂,4.88,#D2B48C,2.1
ZK015,217.04,782.77,-70.89,-90.81,7,砾砂,19.93,#BC8F8F,2.15
ZK015,217.04,782.77,-90.42,-114.11,8,卵石层,23.69,#A0522D,2.25
ZK015,217.04,782.77,-117.0,-149.23,9,强风化岩,32.23,#8B7355,2.4
ZK015,217.04,782.77,-149.03,-183.73,10,中风化岩,34.7,#696969,2.5
ZK015,217.04,782.77,-190.89,-217.95,11,微风化岩,27.06,#2F4F4F,2.65
ZK016,209.97,907.76,0.0,-2.49,1,填土,2.49,#8B4513,1.65
ZK016,209.97,907.76,-4.91,-14.19,2,粘土,9.27,#D2691E,1.85
ZK016,209.97,907.76,-16.21,-22.72,3,粉质粘土,6.51,#CD853F,1.75
ZK016,209.97,907.76,-24.56,-40.17,4,细砂,15.61,#F4A460,1.95
ZK016,209.97,907.76,-39.3,-54.71,5,中砂,15.41,#DEB887,2.05
ZK016,209.97,907.76,-52.07,-61.33,6,粗砂,9.26,#D2B48C,2.1
ZK016,209.97,907.76,-62.38,-72.92,7,砾砂,10.54,#BC8F8F,2.15
ZK016,209.97,907.76,-79.58,-104.68,8,卵石层,25.11,#A0522D,2.25
ZK016,209.97,907.76,-101.68,-130.9,9,强风化岩,29.22,#8B7355,2.4
ZK016,209.97,907.76,-131.15,-177.57,10,中风化岩,46.42,#696969,2.5
ZK016,209.97,907.76,-167.99,-222.29,11,微风化岩,54.29,#2F4F4F,2.65
ZK017,313.69,120.96,0.0,-2.83,1,填土,2.83,#8B4513,1.65
ZK017,313.69,120.96,-5.35,-15.29,2,粘土,9.94,#D2691E,1.85
ZK017,313.69,120.96,-17.65,-26.1,3,粉质粘土,8.45,#CD853F,1.75
ZK017,313.69,120.96,-26.74,-41.59,4,细砂,14.85,#F4A460,1.95
ZK017,313.69,120.96,-42.78,-58.07,5,中砂,15.29,#DEB887,2.05
ZK017,313.69,120.96,-57.35,-69.23,6,粗砂,11.88,#D2B48C,2.1
ZK017,313.69,120.96,-67.92,-87.75,7,砾砂,19.83,#BC8F8F,2.15
ZK017,313.69,120.96,-86.64,-108.77,8,卵石层,22.14,#A0522D,2.25
ZK017,313.69,120.96,-110.71,-142.54,9,强风化岩,31.84,#8B7355,2.4
ZK017,313.69,120.96,-142.79,-184.4,10,中风化岩,41.61,#696969,2.5
ZK017,313.69,120.96,-182.91,-233.69,11,微风化岩,50.79,#2F4F4F,2.65
ZK018,344.1,210.57,0.0,-2.53,1,填土,2.53,#8B4513,1.65
ZK018,344.1,210.57,-6.37,-18.77,2,粘土,12.4,#D2691E,1.85
ZK018,344.1,210.57,-21.02,-30.12,3,粉质粘土,9.1,#CD853F,1.75
ZK018,344.1,210.57,-31.85,-43.86,4,细砂,12.02,#F4A460,1.95
ZK018,344.1,210.57,-50.95,-61.31,5,中砂,10.36,#DEB887,2.05
ZK018,344.1,210.57,-67.51,-75.57,6,粗砂,8.05,#D2B48C,2.1
ZK018,344.1,210.57,-80.89,-93.66,7,砾砂,12.78,#BC8F8F,2.15
ZK018,344.1,210.57,-103.18,-122.12,8,卵石层,18.94,#A0522D,2.25
ZK018,344.1,210.57,-131.84,-151.18,9,强风化岩,19.33,#8B7355,2.4
ZK018,344.1,210.57,-170.06,-205.62,10,中风化岩,35.56,#696969,2.5
ZK019,321.05,339.01,-5.24,-17.59,1,填土,12.35,#8B4513,1.65
ZK019,321.05,339.01,-9.57,-30.91,2,粘土,21.34,#D2691E,1.85
ZK019,321.05,339.01,-19.52,-33.89,3,粉质粘土,14.37,#CD853F,1.75
ZK019,321.05,339.01,-32.12,-59.21,4,细砂,27.1,#F4A460,1.95
ZK019,321.05,339.01,-45.1,-72.06,5,中砂,26.95,#DEB887,2.05
ZK019,321.05,339.01,-56.35,-73.63,6,粗砂,17.28,#D2B48C,2.1
ZK019,321.05,339.01,-65.44,-90.38,7,砾砂,24.94,#BC8F8F,2.15
ZK019,321.05,339.01,-80.59,-116.03,8,卵石层,35.44,#A0522D,2.25
ZK019,321.05,339.01,-100.07,-142.03,9,强风化岩,41.97,#8B7355,2.4
ZK019,321.05,339.01,-126.04,-184.65,10,中风化岩,58.61,#696969,2.5
ZK019,321.05,339.01,-158.5,-223.29,11,微风化岩,64.79,#2F4F4F,2.65
ZK020,317.18,426.19,0.0,-7.74,1,填土,7.74,#8B4513,1.65
ZK020,317.18,426.19,-3.97,-19.16,2,粘土,15.19,#D2691E,1.85
ZK020,317.18,426.19,-13.11,-22.86,3,粉质粘土,9.75,#CD853F,1.75
ZK020,317.18,426.19,-19.86,-39.15,4,细砂,19.29,#F4A460,1.95
ZK020,317.18,426.19,-31.78,-50.41,5,中砂,18.63,#DEB887,2.05
ZK020,317.18,426.19,-42.11,-51.67,6,粗砂,9.56,#D2B48C,2.1
ZK020,317.18,426.19,-50.45,-65.57,7,砾砂,15.13,#BC8F8F,2.15
ZK020,317.18,426.19,-64.35,-95.95,8,卵石层,31.6,#A0522D,2.25
ZK020,317.18,426.19,-82.23,-120.74,9,强风化岩,38.51,#8B7355,2.4
ZK020,317.18,426.19,-106.06,-152.26,10,中风化岩,46.2,#696969,2.5
ZK020,317.18,426.19,-135.85,-190.59,11,微风化岩,54.73,#2F4F4F,2.65
ZK020,317.18,426.19,-171.61,-238.79,12,基岩,67.18,#1C1C1C,2.75
ZK021,322.27,570.18,-2.14,-7.76,1,填土,5.62,#8B4513,1.65
ZK021,322.27,570.18,-6.78,-18.54,2,粘土,11.76,#D2691E,1.85
ZK021,322.27,570.18,-21.72,-32.05,3,粉质粘土,10.33,#CD853F,1.75
ZK021,322.27,570.18,-31.54,-41.96,4,细砂,10.42,#F4A460,1.95
ZK021,322.27,570.18,-50.45,-60.91,5,中砂,10.46,#DEB887,2.05
ZK021,322.27,570.18,-69.98,-83.58,6,粗砂,13.6,#D2B48C,2.1
ZK021,322.27,570.18,-79.08,-88.83,7,砾砂,9.76,#BC8F8F,2.15
ZK021,322.27,570.18,-98.3,-116.93,8,卵石层,18.63,#A0522D,2.25
ZK021,322.27,570.18,-128.44,-149.04,9,强风化岩,20.6,#8B7355,2.4
ZK021,322.27,570.18,-162.96,-204.39,10,中风化岩,41.42,#696969,2.5
ZK022,329.87,674.81,-0.62,-3.7,1,填土,3.09,#8B4513,1.65
ZK022,329.87,674.81,-5.49,-17.44,2,粘土,11.95,#D2691E,1.85
ZK022,329.87,674.81,-18.11,-23.39,3,粉质粘土,5.28,#CD853F,1.75
ZK022,329.87,674.81,-27.44,-39.52,4,细砂,12.08,#F4A460,1.95
ZK022,329.87,674.81,-44.22,-57.03,5,中砂,12.81,#DEB887,2.05
ZK022,329.87,674.81,-58.17,-69.29,6,粗砂,11.12,#D2B48C,2.1
ZK022,329.87,674.81,-71.19,-92.46,7,砾砂,21.27,#BC8F8F,2.15
ZK022,329.87,674.81,-88.9,-108.26,8,卵石层,19.36,#A0522D,2.25
ZK022,329.87,674.81,-113.72,-151.0,9,强风化岩,37.28,#8B7355,2.4
ZK022,329.87,674.81,-148.16,-194.3,10,中风化岩,46.13,#696969,2.5
ZK022,329.87,674.81,-187.96,-237.07,11,微风化岩,49.11,#2F4F4F,2.65
ZK023,339.13,796.41,0.0,-8.23,1,填土,8.23,#8B4513,1.65
ZK023,339.13,796.41,-3.65,-20.35,2,粘土,16.7,#D2691E,1.85
ZK023,339.13,796.41,-12.05,-25.67,3,粉质粘土,13.62,#CD853F,1.75
ZK023,339.13,796.41,-18.26,-35.53,4,细砂,17.27,#F4A460,1.95
ZK023,339.13,796.41,-29.22,-47.5,5,中砂,18.29,#DEB887,2.05
ZK023,339.13,796.41,-38.71,-50.07,6,粗砂,11.36,#D2B48C,2.1
ZK023,339.13,796.41,-46.38,-66.99,7,砾砂,20.61,#BC8F8F,2.15
ZK023,339.13,796.41,-59.16,-90.28,8,卵石层,31.12,#A0522D,2.25
ZK023,339.13,796.41,-77.84,-117.43,9,强风化岩,39.59,#8B7355,2.4
ZK023,339.13,796.41,-97.51,-139.49,10,中风化岩,41.98,#696969,2.5
ZK023,339.13,796.41,-124.9,-166.67,11,微风化岩,41.78,#2F4F4F,2.65
ZK023,339.13,796.41,-157.76,-222.98,12,基岩,65.22,#1C1C1C,2.75
ZK024,327.29,891.38,0.0,-7.86,1,填土,7.86,#8B4513,1.65
ZK024,327.29,891.38,-4.83,-15.39,2,粘土,10.56,#D2691E,1.85
ZK024,327.29,891.38,-15.95,-26.68,3,粉质粘土,10.74,#CD853F,1.75
ZK024,327.29,891.38,-24.16,-34.31,4,细砂,10.15,#F4A460,1.95
ZK024,327.29,891.38,-38.66,-47.97,5,中砂,9.31,#DEB887,2.05
ZK024,327.29,891.38,-51.23,-65.47,6,粗砂,14.24,#D2B48C,2.1
ZK024,327.29,891.38,-61.38,-79.82,7,砾砂,18.44,#BC8F8F,2.15
ZK024,327.29,891.38,-78.29,-101.66,8,卵石层,23.36,#A0522D,2.25
ZK024,327.29,891.38,-100.04,-129.99,9,强风化岩,29.95,#8B7355,2.4
ZK024,327.29,891.38,-129.04,-170.77,10,中风化岩,41.73,#696969,2.5
ZK024,327.29,891.38,-165.29,-220.45,11,微风化岩,55.17,#2F4F4F,2.65
ZK025,434.7,118.13,0.0,-2.56,1,填土,2.56,#8B4513,1.65
ZK025,434.7,118.13,-5.31,-17.84,2,粘土,12.53,#D2691E,1.85
ZK025,434.7,118.13,-17.76,-25.11,3,粉质粘土,7.35,#CD853F,1.75
ZK025,434.7,118.13,-26.54,-42.15,4,细砂,15.61,#F4A460,1.95
ZK025,434.7,118.13,-43.26,-60.44,5,中砂,17.18,#DEB887,2.05
ZK025,434.7,118.13,-56.27,-62.83,6,粗砂,6.56,#D2B48C,2.1
ZK025,434.7,118.13,-67.42,-80.86,7,砾砂,13.45,#BC8F8F,2.15
ZK025,434.7,118.13,-86.15,-112.94,8,卵石层,26.79,#A0522D,2.25
ZK025,434.7,118.13,-109.88,-135.11,9,强风化岩,25.23,#8B7355,2.4
ZK025,434.7,118.13,-143.31,-191.94,10,中风化岩,48.63,#696969,2.5
ZK025,434.7,118.13,-182.39,-221.33,11,微风化岩,38.94,#2F4F4F,2.65
ZK026,423.64,241.12,-0.79,-6.42,1,填土,5.63,#8B4513,1.65
ZK026,423.64,241.12,-8.87,-21.18,2,粘土,12.3,#D2691E,1.85
ZK026,423.64,241.12,-24.77,-30.33,3,粉质粘土,5.56,#CD853F,1.75
ZK026,423.64,241.12,-29.9,-44.87,4,细砂,14.97,#F4A460,1.95
ZK026,423.64,241.12,-51.96,-66.94,5,中砂,14.98,#DEB887,2.05
ZK026,423.64,241.12,-65.07,-77.56,6,粗砂,12.49,#D2B48C,2.1
ZK026,423.64,241.12,-77.0,-86.71,7,砾砂,9.72,#BC8F8F,2.15
ZK026,423.64,241.12,-99.69,-116.06,8,卵石层,16.37,#A0522D,2.25
ZK026,423.64,241.12,-128.15,-155.74,9,强风化岩,27.59,#8B7355,2.4
ZK026,423.64,241.12,-161.48,-193.5,10,中风化岩,32.02,#696969,2.5
ZK026,423.64,241.12,-206.13,-256.86,11,微风化岩,50.73,#2F4F4F,2.65
ZK027,435.76,335.28,-8.71,-13.65,1,填土,4.94,#8B4513,1.65
ZK027,435.76,335.28,-6.31,-18.56,2,粘土,12.25,#D2691E,1.85
ZK027,435.76,335.28,-20.83,-30.19,3,粉质粘土,9.36,#CD853F,1.75
ZK027,435.76,335.28,-24.56,-40.96,4,细砂,16.4,#F4A460,1.95
ZK027,435.76,335.28,-40.37,-53.51,5,中砂,13.14,#DEB887,2.05
ZK027,435.76,335.28,-52.17,-66.32,6,粗砂,14.15,#D2B48C,2.1
ZK027,435.76,335.28,-60.02,-71.33,7,砾砂,11.31,#BC8F8F,2.15
ZK027,435.76,335.28,-74.56,-97.02,8,卵石层,22.46,#A0522D,2.25
ZK027,435.76,335.28,-94.97,-130.87,9,强风化岩,35.91,#8B7355,2.4
ZK027,435.76,335.28,-120.47,-156.39,10,中风化岩,35.92,#696969,2.5
ZK027,435.76,335.28,-157.39,-196.6,11,微风化岩,39.21,#2F4F4F,2.65
ZK027,435.76,335.28,-198.76,-270.95,12,基岩,72.18,#1C1C1C,2.75
ZK028,456.13,448.81,-3.51,-7.01,1,填土,3.5,#8B4513,1.65
ZK028,456.13,448.81,-6.24,-15.49,2,粘土,9.25,#D2691E,1.85
ZK028,456.13,448.81,-19.23,-30.78,3,粉质粘土,11.55,#CD853F,1.75
ZK028,456.13,448.81,-22.17,-33.02,4,细砂,10.85,#F4A460,1.95
ZK028,456.13,448.81,-37.63,-51.71,5,中砂,14.08,#DEB887,2.05
ZK028,456.13,448.81,-47.0,-59.63,6,粗砂,12.62,#D2B48C,2.1
ZK028,456.13,448.81,-58.04,-69.36,7,砾砂,11.32,#BC8F8F,2.15
ZK028,456.13,448.81,-75.31,-100.52,8,卵石层,25.21,#A0522D,2.25
ZK028,456.13,448.81,-91.79,-129.75,9,强风化岩,37.96,#8B7355,2.4
ZK028,456.13,448.81,-118.39,-153.35,10,中风化岩,34.96,#696969,2.5
ZK028,456.13,448.81,-151.65,-200.66,11,微风化岩,49.02,#2F4F4F,2.65
ZK029,450.58,574.39,-4.39,-12.03,1,填土,7.64,#8B4513,1.65
ZK029,450.58,574.39,-8.79,-20.12,2,粘土,11.32,#D2691E,1.85
ZK029,450.58,574.39,-19.98,-32.54,3,粉质粘土,12.56,#CD853F,1.75
ZK029,450.58,574.39,-33.98,-54.63,4,细砂,20.66,#F4A460,1.95
ZK029,450.58,574.39,-49.29,-65.72,5,中砂,16.43,#DEB887,2.05
ZK029,450.58,574.39,-63.66,-78.28,6,粗砂,14.61,#D2B48C,2.1
ZK029,450.58,574.39,-79.09,-95.93,7,砾砂,16.85,#BC8F8F,2.15
ZK029,450.58,574.39,-95.67,-122.22,8,卵石层,26.54,#A0522D,2.25
ZK029,450.58,574.39,-121.78,-147.73,9,强风化岩,25.94,#8B7355,2.4
ZK029,450.58,574.39,-162.34,-212.25,10,中风化岩,49.91,#696969,2.5
ZK030,438.29,653.25,-0.47,-3.83,1,填土,3.36,#8B4513,1.65
ZK030,438.29,653.25,-8.53,-17.06,2,粘土,8.53,#D2691E,1.85
ZK030,438.29,653.25,-19.73,-30.85,3,粉质粘土,11.12,#CD853F,1.75
ZK030,438.29,653.25,-30.76,-47.41,4,细砂,16.64,#F4A460,1.95
ZK030,438.29,653.25,-47.36,-64.16,5,中砂,16.8,#DEB887,2.05
ZK030,438.29,653.25,-60.46,-66.39,6,粗砂,5.93,#D2B48C,2.1
ZK030,438.29,653.25,-72.44,-85.43,7,砾砂,12.99,#BC8F8F,2.15
ZK030,438.29,653.25,-93.53,-112.24,8,卵石层,18.71,#A0522D,2.25
ZK030,438.29,653.25,-121.34,-141.02,9,强风化岩,19.69,#8B7355,2.4
ZK030,438.29,653.25,-154.74,-200.53,10,中风化岩,45.79,#696969,2.5
ZK031,460.82,795.79,-2.99,-9.68,1,填土,6.69,#8B4513,1.65
ZK031,460.82,795.79,-8.07,-18.35,2,粘土,10.28,#D2691E,1.85
ZK031,460.82,795.79,-20.76,-27.61,3,粉质粘土,6.85,#CD853F,1.75
ZK031,460.82,795.79,-23.41,-35.97,4,细砂,12.56,#F4A460,1.95
ZK031,460.82,795.79,-36.01,-46.63,5,中砂,10.62,#DEB887,2.05
ZK031,460.82,795.79,-46.22,-53.36,6,粗砂,7.14,#D2B48C,2.1
ZK031,460.82,795.79,-55.94,-79.29,7,砾砂,23.35,#BC8F8F,2.15
ZK031,460.82,795.79,-72.35,-99.48,8,卵石层,27.14,#A0522D,2.25
ZK031,460.82,795.79,-91.62,-127.76,9,强风化岩,36.14,#8B7355,2.4
ZK031,460.82,795.79,-116.8,-153.52,10,中风化岩,36.72,#696969,2.5
ZK031,460.82,795.79,-147.18,-178.38,11,微风化岩,31.2,#2F4F4F,2.65
ZK031,460.82,795.79,-189.7,-257.02,12,基岩,67.32,#1C1C1C,2.75
ZK032,435.93,888.48,-3.99,-9.81,1,填土,5.82,#8B4513,1.65
ZK032,435.93,888.48,-8.38,-21.1,2,粘土,12.72,#D2691E,1.85
ZK032,435.93,888.48,-22.45,-32.11,3,粉质粘土,9.65,#CD853F,1.75
ZK032,435.93,888.48,-31.14,-42.3,4,细砂,11.16,#F4A460,1.95
ZK032,435.93,888.48,-42.56,-54.17,5,中砂,11.61,#DEB887,2.05
ZK032,435.93,888.48,-53.57,-67.2,6,粗砂,13.63,#D2B48C,2.1
ZK032,435.93,888.48,-66.19,-91.24,7,砾砂,25.05,#BC8F8F,2.15
ZK032,435.93,888.48,-80.31,-98.55,8,卵石层,18.24,#A0522D,2.25
ZK032,435.93,888.48,-105.12,-127.26,9,强风化岩,22.15,#8B7355,2.4
ZK032,435.93,888.48,-133.52,-182.46,10,中风化岩,48.94,#696969,2.5
ZK032,435.93,888.48,-165.28,-217.68,11,微风化岩,52.41,#2F4F4F,2.65
ZK033,545.48,115.23,-0.72,-5.05,1,填土,4.33,#8B4513,1.65
ZK033,545.48,115.23,-8.63,-21.33,2,粘土,12.7,#D2691E,1.85
ZK033,545.48,115.23,-15.12,-26.09,3,粉质粘土,10.97,#CD853F,1.75
ZK033,545.48,115.23,-24.16,-34.11,4,细砂,9.95,#F4A460,1.95
ZK033,545.48,115.23,-37.72,-51.46,5,中砂,13.74,#DEB887,2.05
ZK033,545.48,115.23,-50.43,-62.55,6,粗砂,12.12,#D2B48C,2.1
ZK033,545.48,115.23,-60.32,-77.36,7,砾砂,17.04,#BC8F8F,2.15
ZK033,545.48,115.23,-77.14,-105.51,8,卵石层,28.37,#A0522D,2.25
ZK033,545.48,115.23,-98.78,-134.41,9,强风化岩,35.63,#8B7355,2.4
ZK033,545.48,115.23,-128.0,-171.13,10,中风化岩,43.13,#696969,2.5
ZK033,545.48,115.23,-164.05,-204.23,11,微风化岩,40.18,#2F4F4F,2.65
ZK034,545.45,222.31,-5.98,-10.86,1,填土,4.88,#8B4513,1.65
ZK034,545.45,222.31,-11.75,-22.51,2,粘土,10.76,#D2691E,1.85
ZK034,545.45,222.31,-24.75,-38.22,3,粉质粘土,13.47,#CD853F,1.75
ZK034,545.45,222.31,-29.14,-51.2,4,细砂,22.06,#F4A460,1.95
ZK034,545.45,222.31,-37.47,-54.05,5,中砂,16.59,#DEB887,2.05
ZK034,545.45,222.31,-47.5,-55.25,6,粗砂,7.75,#D2B48C,2.1
ZK034,545.45,222.31,-56.36,-69.5,7,砾砂,13.15,#BC8F8F,2.15
ZK034,545.45,222.31,-72.74,-97.13,8,卵石层,24.39,#A0522D,2.25
ZK034,545.45,222.31,-91.88,-129.11,9,强风化岩,37.23,#8B7355,2.4
ZK034,545.45,222.31,-116.82,-149.83,10,中风化岩,33.01,#696969,2.5
ZK034,545.45,222.31,-151.52,-197.16,11,微风化岩,45.64,#2F4F4F,2.65
ZK034,545.45,222.31,-190.76,-280.18,12,基岩,89.42,#1C1C1C,2.75
ZK035,568.55,320.78,-9.09,-13.3,1,填土,4.21,#8B4513,1.65
ZK035,568.55,320.78,-12.35,-22.34,2,粘土,9.98,#D2691E,1.85
ZK035,568.55,320.78,-24.35,-29.55,3,粉质粘土,5.2,#CD853F,1.75
ZK035,568.55,320.78,-35.77,-45.51,4,细砂,9.74,#F4A460,1.95
ZK035,568.55,320.78,-49.41,-63.96,5,中砂,14.55,#DEB887,2.05
ZK035,568.55,320.78,-64.54,-77.44,6,粗砂,12.9,#D2B48C,2.1
ZK035,568.55,320.78,-77.6,-95.48,7,砾砂,17.88,#BC8F8F,2.15
ZK035,568.55,320.78,-97.4,-114.17,8,卵石层,16.77,#A0522D,2.25
ZK035,568.55,320.78,-117.35,-155.52,9,强风化岩,38.17,#8B7355,2.4
ZK035,568.55,320.78,-150.31,-187.39,10,中风化岩,37.08,#696969,2.5
ZK035,568.55,320.78,-189.44,-241.15,11,微风化岩,51.71,#2F4F4F,2.65
ZK036,544.63,440.46,-2.79,-4.52,1,填土,1.73,#8B4513,1.65
ZK036,544.63,440.46,-6.85,-18.33,2,粘土,11.48,#D2691E,1.85
ZK036,544.63,440.46,-20.85,-25.53,3,粉质粘土,4.68,#CD853F,1.75
ZK036,544.63,440.46,-28.45,-41.41,4,细砂,12.96,#F4A460,1.95
ZK036,544.63,440.46,-46.12,-55.45,5,中砂,9.33,#DEB887,2.05
ZK036,544.63,440.46,-64.45,-73.96,6,粗砂,9.5,#D2B48C,2.1
ZK036,544.63,440.46,-72.52,-87.63,7,砾砂,15.11,#BC8F8F,2.15
ZK036,544.63,440.46,-94.73,-108.09,8,卵石层,13.35,#A0522D,2.25
ZK036,544.63,440.46,-116.79,-149.43,9,强风化岩,32.64,#8B7355,2.4
ZK036,544.63,440.46,-152.14,-190.4,10,中风化岩,38.26,#696969,2.5
ZK036,544.63,440.46,-197.34,-243.16,11,微风化岩,45.82,#2F4F4F,2.65
ZK037,557.02,554.59,0.0,-5.71,1,填土,5.71,#8B4513,1.65
ZK037,557.02,554.59,-4.26,-16.92,2,粘土,12.66,#D2691E,1.85
ZK037,557.02,554.59,-14.04,-25.08,3,粉质粘土,11.04,#CD853F,1.75
ZK037,557.02,554.59,-21.28,-38.21,4,细砂,16.93,#F4A460,1.95
ZK037,557.02,554.59,-34.04,-48.52,5,中砂,14.48,#DEB887,2.05
ZK037,557.02,554.59,-45.1,-61.3,6,粗砂,16.2,#D2B48C,2.1
ZK037,557.02,554.59,-54.08,-75.07,7,砾砂,20.99,#BC8F8F,2.15
ZK037,557.02,554.59,-70.47,-97.43,8,卵石层,26.95,#A0522D,2.25
ZK037,557.02,554.59,-88.08,-122.88,9,强风化岩,34.8,#8B7355,2.4
ZK037,557.02,554.59,-113.61,-167.43,10,中风化岩,53.82,#696969,2.5
ZK037,557.02,554.59,-147.62,-193.85,11,微风化岩,46.23,#2F4F4F,2.65
ZK037,557.02,554.59,-186.08,-294.79,12,基岩,108.71,#1C1C1C,2.75
ZK038,566.32,661.17,-4.3,-12.44,1,填土,8.14,#8B4513,1.65
ZK038,566.32,661.17,-8.67,-20.75,2,粘土,12.08,#D2691E,1.85
ZK038,566.32,661.17,-18.7,-34.02,3,粉质粘土,15.32,#CD853F,1.75
ZK038,566.32,661.17,-30.75,-55.82,4,细砂,25.07,#F4A460,1.95
ZK038,566.32,661.17,-43.52,-60.01,5,中砂,16.49,#DEB887,2.05
ZK038,566.32,661.17,-54.87,-71.82,6,粗砂,16.96,#D2B48C,2.1
ZK038,566.32,661.17,-64.03,-85.7,7,砾砂,21.67,#BC8F8F,2.15
ZK038,566.32,661.17,-79.35,-109.47,8,卵石层,30.12,#A0522D,2.25
ZK038,566.32,661.17,-98.94,-141.3,9,强风化岩,42.36,#8B7355,2.4
ZK038,566.32,661.17,-125.41,-163.82,10,中风化岩,38.41,#696969,2.5
ZK038,566.32,661.17,-158.81,-223.33,11,微风化岩,64.52,#2F4F4F,2.65
ZK039,540.0,783.6,-4.5,-9.3,1,填土,4.79,#8B4513,1.65
ZK039,540.0,783.6,-11.0,-20.19,2,粘土,9.19,#D2691E,1.85
ZK039,540.0,783.6,-23.42,-30.97,3,粉质粘土,7.55,#CD853F,1.75
ZK039,540.0,783.6,-30.1,-40.37,4,细砂,10.27,#F4A460,1.95
ZK039,540.0,783.6,-45.73,-60.27,5,中砂,14.54,#DEB887,2.05
ZK039,540.0,783.6,-64.98,-73.45,6,粗砂,8.47,#D2B48C,2.1
ZK039,540.0,783.6,-75.82,-85.29,7,砾砂,9.47,#BC8F8F,2.15
ZK039,540.0,783.6,-92.53,-107.63,8,卵石层,15.1,#A0522D,2.25
ZK039,540.0,783.6,-124.79,-141.32,9,强风化岩,16.53,#8B7355,2.4
ZK039,540.0,783.6,-154.01,-191.87,10,中风化岩,37.86,#696969,2.5
ZK039,540.0,783.6,-200.45,-239.61,11,微风化岩,39.16,#2F4F4F,2.65
ZK040,552.46,906.28,-10.94,-17.13,1,填土,6.18,#8B4513,1.65
ZK040,552.46,906.28,-11.51,-21.97,2,粘土,10.46,#D2691E,1.85
ZK040,552.46,906.28,-22.63,-34.22,3,粉质粘土,11.6,#CD853F,1.75
ZK040,552.46,906.28,-31.83,-44.31,4,细砂,12.49,#F4A460,1.95
ZK040,552.46,906.28,-43.16,-61.21,5,中砂,18.05,#DEB887,2.05
ZK040,552.46,906.28,-59.35,-69.7,6,粗砂,10.35,#D2B48C,2.1
ZK040,552.46,906.28,-69.71,-86.25,7,砾砂,16.54,#BC8F8F,2.15
ZK040,552.46,906.28,-89.29,-112.6,8,卵石层,23.32,#A0522D,2.25
ZK040,552.46,906.28,-109.49,-131.05,9,强风化岩,21.56,#8B7355,2.4
ZK040,552.46,906.28,-139.49,-187.7,10,中风化岩,48.22,#696969,2.5
ZK040,552.46,906.28,-174.77,-212.52,11,微风化岩,37.76,#2F4F4F,2.65
ZK041,664.95,102.36,0.0,-5.62,1,填土,5.62,#8B4513,1.65
ZK041,664.95,102.36,-4.95,-17.47,2,粘土,12.52,#D2691E,1.85
ZK041,664.95,102.36,-16.34,-27.71,3,粉质粘土,11.37,#CD853F,1.75
ZK041,664.95,102.36,-24.76,-39.12,4,细砂,14.36,#F4A460,1.95
ZK041,664.95,102.36,-39.61,-49.35,5,中砂,9.74,#DEB887,2.05
ZK041,664.95,102.36,-52.48,-65.37,6,粗砂,12.89,#D2B48C,2.1
ZK041,664.95,102.36,-62.88,-82.98,7,砾砂,20.1,#BC8F8F,2.15
ZK041,664.95,102.36,-80.21,-107.38,8,卵石层,27.17,#A0522D,2.25
ZK041,664.95,102.36,-102.49,-139.8,9,强风化岩,37.31,#8B7355,2.4
ZK041,664.95,102.36,-132.2,-164.99,10,中风化岩,32.79,#696969,2.5
ZK041,664.95,102.36,-169.33,-200.75,11,微风化岩,31.42,#2F4F4F,2.65
ZK042,662.77,213.16,-1.39,-4.11,1,填土,2.72,#8B4513,1.65
ZK042,662.77,213.16,-3.69,-14.66,2,粘土,10.96,#D2691E,1.85
ZK042,662.77,213.16,-12.19,-18.94,3,粉质粘土,6.75,#CD853F,1.75
ZK042,662.77,213.16,-18.47,-32.42,4,细砂,13.95,#F4A460,1.95
ZK042,662.77,213.16,-29.57,-42.87,5,中砂,13.31,#DEB887,2.05
ZK042,662.77,213.16,-39.16,-44.65,6,粗砂,5.49,#D2B48C,2.1
ZK042,662.77,213.16,-46.92,-66.13,7,砾砂,19.22,#BC8F8F,2.15
ZK042,662.77,213.16,-59.85,-76.62,8,卵石层,16.77,#A0522D,2.25
ZK042,662.77,213.16,-76.47,-101.02,9,强风化岩,24.55,#8B7355,2.4
ZK042,662.77,213.16,-98.64,-134.34,10,中风化岩,35.7,#696969,2.5
ZK042,662.77,213.16,-126.34,-151.25,11,微风化岩,24.91,#2F4F4F,2.65
ZK042,662.77,213.16,-159.59,-210.87,12,基岩,51.28,#1C1C1C,2.75
ZK043,661.25,333.08,-4.59,-9.21,1,填土,4.62,#8B4513,1.65
ZK043,661.25,333.08,-10.92,-22.18,2,粘土,11.26,#D2691E,1.85
ZK043,661.25,333.08,-23.61,-35.56,3,粉质粘土,11.95,#CD853F,1.75
ZK043,661.25,333.08,-31.64,-50.83,4,细砂,19.19,#F4A460,1.95
ZK043,661.25,333.08,-49.46,-67.45,5,中砂,17.99,#DEB887,2.05
ZK043,661.25,333.08,-65.46,-79.78,6,粗砂,14.31,#D2B48C,2.1
ZK043,661.25,333.08,-75.78,-97.57,7,砾砂,21.79,#BC8F8F,2.15
ZK043,661.25,333.08,-96.75,-120.23,8,卵石层,23.49,#A0522D,2.25
ZK043,661.25,333.08,-121.27,-155.28,9,强风化岩,34.01,#8B7355,2.4
ZK043,661.25,333.08,-158.08,-202.77,10,中风化岩,44.68,#696969,2.5
ZK044,655.89,443.66,0.0,-5.13,1,填土,5.13,#8B4513,1.65
ZK044,655.89,443.66,-6.07,-18.06,2,粘土,11.99,#D2691E,1.85
ZK044,655.89,443.66,-20.05,-32.36,3,粉质粘土,12.31,#CD853F,1.75
ZK044,655.89,443.66,-30.37,-43.79,4,细砂,13.42,#F4A460,1.95
ZK044,655.89,443.66,-48.6,-67.45,5,中砂,18.86,#DEB887,2.05
ZK044,655.89,443.66,-64.39,-74.94,6,粗砂,10.55,#D2B48C,2.1
ZK044,655.89,443.66,-77.15,-103.8,7,砾砂,26.66,#BC8F8F,2.15
ZK044,655.89,443.66,-98.41,-121.46,8,卵石层,23.06,#A0522D,2.25
ZK044,655.89,443.66,-125.74,-170.48,9,强风化岩,44.74,#8B7355,2.4
ZK044,655.89,443.66,-162.19,-208.79,10,中风化岩,46.6,#696969,2.5
ZK045,673.5,544.85,0.0,-4.17,1,填土,4.17,#8B4513,1.65
ZK045,673.5,544.85,-4.2,-12.69,2,粘土,8.48,#D2691E,1.85
ZK045,673.5,544.85,-13.87,-19.74,3,粉质粘土,5.87,#CD853F,1.75
ZK045,673.5,544.85,-21.02,-29.93,4,细砂,8.91,#F4A460,1.95
ZK045,673.5,544.85,-33.63,-47.13,5,中砂,13.51,#DEB887,2.05
ZK045,673.5,544.85,-44.56,-51.29,6,粗砂,6.74,#D2B48C,2.1
ZK045,673.5,544.85,-53.38,-69.62,7,砾砂,16.24,#BC8F8F,2.15
ZK045,673.5,544.85,-68.1,-92.36,8,卵石层,24.26,#A0522D,2.25
ZK045,673.5,544.85,-87.01,-106.61,9,强风化岩,19.6,#8B7355,2.4
ZK045,673.5,544.85,-112.23,-153.78,10,中风化岩,41.54,#696969,2.5
ZK045,673.5,544.85,-143.76,-192.26,11,微风化岩,48.5,#2F4F4F,2.65
ZK045,673.5,544.85,-181.59,-251.7,12,基岩,70.11,#1C1C1C,2.75
ZK046,668.54,663.84,0.0,-6.13,1,填土,6.13,#8B4513,1.65
ZK046,668.54,663.84,-4.31,-12.5,2,粘土,8.19,#D2691E,1.85
ZK046,668.54,663.84,-14.23,-23.91,3,粉质粘土,9.68,#CD853F,1.75
ZK046,668.54,663.84,-21.55,-31.48,4,细砂,9.93,#F4A460,1.95
ZK046,668.54,663.84,-34.49,-46.43,5,中砂,11.94,#DEB887,2.05
ZK046,668.54,663.84,-45.69,-59.08,6,粗砂,13.38,#D2B48C,2.1
ZK046,668.54,663.84,-54.75,-67.94,7,砾砂,13.19,#BC8F8F,2.15
ZK046,668.54,663.84,-69.84,-85.36,8,卵石层,15.53,#A0522D,2.25
ZK046,668.54,663.84,-89.23,-115.79,9,强风化岩,26.56,#8B7355,2.4
ZK046,668.54,663.84,-115.1,-158.91,10,中风化岩,43.81,#696969,2.5
ZK046,668.54,663.84,-147.43,-179.06,11,微风化岩,31.63,#2F4F4F,2.65
ZK046,668.54,663.84,-186.23,-236.52,12,基岩,50.29,#1C1C1C,2.75
ZK047,680.39,794.11,-3.37,-14.49,1,填土,11.12,#8B4513,1.65
ZK047,680.39,794.11,-9.51,-28.81,2,粘土,19.3,#D2691E,1.85
ZK047,680.39,794.11,-28.53,-48.26,3,粉质粘土,19.73,#CD853F,1.75
ZK047,680.39,794.11,-38.04,-63.81,4,细砂,25.77,#F4A460,1.95
ZK047,680.39,794.11,-55.9,-81.74,5,中砂,25.84,#DEB887,2.05
ZK047,680.39,794.11,-71.88,-86.75,6,粗砂,14.87,#D2B48C,2.1
ZK047,680.39,794.11,-86.13,-121.07,7,砾砂,34.95,#BC8F8F,2.15
ZK047,680.39,794.11,-106.74,-138.5,8,卵石层,31.75,#A0522D,2.25
ZK047,680.39,794.11,-133.96,-173.22,9,强风化岩,39.26,#8B7355,2.4
ZK047,680.39,794.11,-172.35,-234.72,10,中风化岩,62.37,#696969,2.5
ZK048,677.64,882.86,-0.88,-6.37,1,填土,5.48,#8B4513,1.65
ZK048,677.64,882.86,-8.83,-17.47,2,粘土,8.64,#D2691E,1.85
ZK048,677.64,882.86,-21.2,-31.27,3,粉质粘土,10.07,#CD853F,1.75
ZK048,677.64,882.86,-29.99,-46.71,4,细砂,16.72,#F4A460,1.95
ZK048,677.64,882.86,-45.29,-54.15,5,中砂,8.86,#DEB887,2.05
ZK048,677.64,882.86,-60.51,-68.03,6,粗砂,7.52,#D2B48C,2.1
ZK048,677.64,882.86,-69.99,-90.44,7,砾砂,20.45,#BC8F8F,2.15
ZK048,677.64,882.86,-91.12,-111.56,8,卵石层,20.44,#A0522D,2.25
ZK048,677.64,882.86,-112.22,-134.43,9,强风化岩,22.21,#8B7355,2.4
ZK048,677.64,882.86,-143.7,-180.13,10,中风化岩,36.43,#696969,2.5
ZK048,677.64,882.86,-184.64,-236.71,11,微风化岩,52.06,#2F4F4F,2.65
ZK049,780.34,97.01,0.0,-2.33,1,填土,2.33,#8B4513,1.65
ZK049,780.34,97.01,-4.97,-13.35,2,粘土,8.38,#D2691E,1.85
ZK049,780.34,97.01,-16.41,-26.46,3,粉质粘土,10.05,#CD853F,1.75
ZK049,780.34,97.01,-24.87,-41.1,4,细砂,16.23,#F4A460,1.95
ZK049,780.34,97.01,-39.79,-56.27,5,中砂,16.48,#DEB887,2.05
ZK049,780.34,97.01,-52.72,-64.94,6,粗砂,12.22,#D2B48C,2.1
ZK049,780.34,97.01,-63.17,-78.87,7,砾砂,15.7,#BC8F8F,2.15
ZK049,780.34,97.01,-82.82,-103.72,8,卵石层,20.9,#A0522D,2.25
ZK049,780.34,97.01,-102.96,-130.84,9,强风化岩,27.88,#8B7355,2.4
ZK049,780.34,97.01,-132.8,-166.76,10,中风化岩,33.96,#696969,2.5
ZK049,780.34,97.01,-170.1,-200.32,11,微风化岩,30.21,#2F4F4F,2.65
ZK050,788.44,227.52,-3.14,-6.14,1,填土,3.0,#8B4513,1.65
ZK050,788.44,227.52,-8.32,-24.81,2,粘土,16.49,#D2691E,1.85
ZK050,788.44,227.52,-18.59,-24.41,3,粉质粘土,5.83,#CD853F,1.75
ZK050,788.44,227.52,-28.33,-41.15,4,细砂,12.83,#F4A460,1.95
ZK050,788.44,227.52,-45.06,-57.51,5,中砂,12.45,#DEB887,2.05
ZK050,788.44,227.52,-59.93,-69.92,6,粗砂,9.99,#D2B48C,2.1
ZK050,788.44,227.52,-71.54,-85.85,7,砾砂,14.32,#BC8F8F,2.15
ZK050,788.44,227.52,-91.73,-115.63,8,卵石层,23.9,#A0522D,2.25
ZK050,788.44,227.52,-116.6,-161.63,9,强风化岩,45.04,#8B7355,2.4
ZK050,788.44,227.52,-150.39,-189.61,10,中风化岩,39.22,#696969,2.5
ZK050,788.44,227.52,-192.64,-251.12,11,微风化岩,58.48,#2F4F4F,2.65
ZK051,772.17,339.48,-1.49,-4.04,1,填土,2.55,#8B4513,1.65
ZK051,772.17,339.48,-6.56,-14.63,2,粘土,8.07,#D2691E,1.85
ZK051,772.17,339.48,-18.52,-27.89,3,粉质粘土,9.38,#CD853F,1.75
ZK051,772.17,339.48,-23.8,-39.7,4,细砂,15.9,#F4A460,1.95
ZK051,772.17,339.48,-38.24,-51.45,5,中砂,13.21,#DEB887,2.05
ZK051,772.17,339.48,-52.95,-60.23,6,粗砂,7.27,#D2B48C,2.1
ZK051,772.17,339.48,-62.8,-73.29,7,砾砂,10.49,#BC8F8F,2.15
ZK051,772.17,339.48,-78.24,-97.11,8,卵石层,18.87,#A0522D,2.25
ZK051,772.17,339.48,-98.54,-118.56,9,强风化岩,20.02,#8B7355,2.4
ZK051,772.17,339.48,-130.24,-163.33,10,中风化岩,33.09,#696969,2.5
ZK051,772.17,339.48,-162.8,-203.89,11,微风化岩,41.09,#2F4F4F,2.65
ZK052,793.94,447.44,0.22,-3.07,1,填土,3.3,#8B4513,1.65
ZK052,793.94,447.44,-4.2,-12.67,2,粘土,8.47,#D2691E,1.85
ZK052,793.94,447.44,-14.15,-20.26,3,粉质粘土,6.11,#CD853F,1.75
ZK052,793.94,447.44,-21.67,-34.9,4,细砂,13.24,#F4A460,1.95
ZK052,793.94,447.44,-34.93,-43.48,5,中砂,8.55,#DEB887,2.05
ZK052,793.94,447.44,-46.43,-53.46,6,粗砂,7.03,#D2B48C,2.1
ZK052,793.94,447.44,-55.71,-73.77,7,砾砂,18.06,#BC8F8F,2.15
ZK052,793.94,447.44,-71.19,-88.98,8,卵石层,17.79,#A0522D,2.25
ZK052,793.94,447.44,-91.09,-108.93,9,强风化岩,17.84,#8B7355,2.4
ZK052,793.94,447.44,-117.62,-146.0,10,中风化岩,28.38,#696969,2.5
ZK052,793.94,447.44,-152.22,-202.89,11,微风化岩,50.67,#2F4F4F,2.65
ZK053,762.74,552.73,0.0,-5.88,1,填土,5.88,#8B4513,1.65
ZK053,762.74,552.73,-5.3,-18.75,2,粘土,13.45,#D2691E,1.85
ZK053,762.74,552.73,-17.08,-24.35,3,粉质粘土,7.27,#CD853F,1.75
ZK053,762.74,552.73,-25.88,-46.43,4,细砂,20.55,#F4A460,1.95
ZK053,762.74,552.73,-41.41,-58.22,5,中砂,16.81,#DEB887,2.05
ZK053,762.74,552.73,-54.87,-65.42,6,粗砂,10.55,#D2B48C,2.1
ZK053,762.74,552.73,-65.88,-76.89,7,砾砂,11.01,#BC8F8F,2.15
ZK053,762.74,552.73,-83.85,-104.35,8,卵石层,20.5,#A0522D,2.25
ZK053,762.74,552.73,-107.15,-134.65,9,强风化岩,27.5,#8B7355,2.4
ZK053,762.74,552.73,-141.71,-190.26,10,中风化岩,48.55,#696969,2.5
ZK053,762.74,552.73,-177.02,-220.16,11,微风化岩,43.13,#2F4F4F,2.65
ZK054,791.35,644.43,-2.55,-4.81,1,填土,2.26,#8B4513,1.65
ZK054,791.35,644.43,-9.8,-19.76,2,粘土,9.96,#D2691E,1.85
ZK054,791.35,644.43,-18.38,-30.62,3,粉质粘土,12.24,#CD853F,1.75
ZK054,791.35,644.43,-27.85,-41.75,4,细砂,13.9,#F4A460,1.95
ZK054,791.35,644.43,-44.57,-55.23,5,中砂,10.66,#DEB887,2.05
ZK054,791.35,644.43,-59.05,-65.84,6,粗砂,6.79,#D2B48C,2.1
ZK054,791.35,644.43,-72.58,-98.55,7,砾砂,25.98,#BC8F8F,2.15
ZK054,791.35,644.43,-90.24,-118.23,8,卵石层,27.99,#A0522D,2.25
ZK054,791.35,644.43,-115.31,-140.61,9,强风化岩,25.3,#8B7355,2.4
ZK054,791.35,644.43,-148.74,-201.12,10,中风化岩,52.38,#696969,2.5
ZK055,773.4,785.65,0.0,-6.78,1,填土,6.78,#8B4513,1.65
ZK055,773.4,785.65,-4.58,-16.97,2,粘土,12.4,#D2691E,1.85
ZK055,773.4,785.65,-15.1,-21.84,3,粉质粘土,6.74,#CD853F,1.75
ZK055,773.4,785.65,-22.88,-40.61,4,细砂,17.73,#F4A460,1.95
ZK055,773.4,785.65,-36.61,-46.13,5,中砂,9.52,#DEB887,2.05
ZK055,773.4,785.65,-48.51,-60.67,6,粗砂,12.16,#D2B48C,2.1
ZK055,773.4,785.65,-58.12,-75.51,7,砾砂,17.39,#BC8F8F,2.15
ZK055,773.4,785.65,-74.13,-92.53,8,卵石层,18.4,#A0522D,2.25
ZK055,773.4,785.65,-94.73,-124.19,9,强风化岩,29.46,#8B7355,2.4
ZK055,773.4,785.65,-122.18,-164.43,10,中风化岩,42.25,#696969,2.5
ZK055,773.4,785.65,-156.51,-205.29,11,微风化岩,48.79,#2F4F4F,2.65
ZK056,788.17,900.75,-9.63,-16.96,1,填土,7.34,#8B4513,1.65
ZK056,788.17,900.75,-19.42,-40.11,2,粘土,20.68,#D2691E,1.85
ZK056,788.17,900.75,-25.39,-42.88,3,粉质粘土,17.5,#CD853F,1.75
ZK056,788.17,900.75,-41.25,-63.39,4,细砂,22.14,#F4A460,1.95
ZK056,788.17,900.75,-55.02,-78.59,5,中砂,23.57,#DEB887,2.05
ZK056,788.17,900.75,-69.31,-87.94,6,粗砂,18.63,#D2B48C,2.1
ZK056,788.17,900.75,-80.79,-116.25,7,砾砂,35.46,#BC8F8F,2.15
ZK056,788.17,900.75,-97.76,-137.88,8,卵石层,40.11,#A0522D,2.25
ZK056,788.17,900.75,-116.8,-157.37,9,强风化岩,40.57,#8B7355,2.4
ZK056,788.17,900.75,-149.02,-199.4,10,中风化岩,50.38,#696969,2.5
ZK056,788.17,900.75,-184.41,-234.8,11,微风化岩,50.39,#2F4F4F,2.65
ZK057,894.24,108.54,-4.31,-9.84,1,填土,5.53,#8B4513,1.65
ZK057,894.24,108.54,-5.69,-20.08,2,粘土,14.38,#D2691E,1.85
ZK057,894.24,108.54,-22.99,-33.17,3,粉质粘土,10.17,#CD853F,1.75
ZK057,894.24,108.54,-30.37,-40.45,4,细砂,10.08,#F4A460,1.95
ZK057,894.24,108.54,-43.45,-59.94,5,中砂,16.5,#DEB887,2.05
ZK057,894.24,108.54,-58.52,-64.72,6,粗砂,6.21,#D2B48C,2.1
ZK057,894.24,108.54,-69.18,-93.16,7,砾砂,23.98,#BC8F8F,2.15
ZK057,894.24,108.54,-90.09,-115.42,8,卵石层,25.32,#A0522D,2.25
ZK057,894.24,108.54,-109.06,-147.49,9,强风化岩,38.43,#8B7355,2.4
ZK057,894.24,108.54,-141.69,-191.42,10,中风化岩,49.73,#696969,2.5
ZK057,894.24,108.54,-181.94,-224.98,11,微风化岩,43.04,#2F4F4F,2.65
ZK058,904.41,203.66,-3.01,-7.62,1,填土,4.62,#8B4513,1.65
ZK058,904.41,203.66,-6.4,-17.45,2,粘土,11.05,#D2691E,1.85
ZK058,904.41,203.66,-21.11,-31.96,3,粉质粘土,10.85,#CD853F,1.75
ZK058,904.41,203.66,-35.86,-46.24,4,细砂,10.38,#F4A460,1.95
ZK058,904.41,203.66,-51.51,-64.52,5,中砂,13.01,#DEB887,2.05
ZK058,904.41,203.66,-67.8,-75.86,6,粗砂,8.06,#D2B48C,2.1
ZK058,904.41,203.66,-81.37,-95.69,7,砾砂,14.32,#BC8F8F,2.15
ZK058,904.41,203.66,-103.62,-121.83,8,卵石层,18.21,#A0522D,2.25
ZK058,904.41,203.66,-132.41,-161.84,9,强风化岩,29.43,#8B7355,2.4
ZK058,904.41,203.66,-174.3,-223.14,10,中风化岩,48.84,#696969,2.5
ZK059,907.93,344.89,0.0,-7.83,1,填土,7.83,#8B4513,1.65
ZK059,907.93,344.89,-4.11,-17.52,2,粘土,13.41,#D2691E,1.85
ZK059,907.93,344.89,-13.56,-22.95,3,粉质粘土,9.39,#CD853F,1.75
ZK059,907.93,344.89,-21.85,-40.5,4,细砂,18.64,#F4A460,1.95
ZK059,907.93,344.89,-34.62,-45.95,5,中砂,11.32,#DEB887,2.05
ZK059,907.93,344.89,-44.0,-58.28,6,粗砂,14.28,#D2B48C,2.1
ZK059,907.93,344.89,-53.36,-67.16,7,砾砂,13.8,#BC8F8F,2.15
ZK059,907.93,344.89,-66.58,-93.32,8,卵石层,26.74,#A0522D,2.25
ZK059,907.93,344.89,-86.94,-126.45,9,强风化岩,39.51,#8B7355,2.4
ZK059,907.93,344.89,-112.68,-161.74,10,中风化岩,49.07,#696969,2.5
ZK059,907.93,344.89,-143.6,-180.52,11,微风化岩,36.92,#2F4F4F,2.65
ZK059,907.93,344.89,-177.55,-267.81,12,基岩,90.26,#1C1C1C,2.75
ZK060,904.19,466.33,-2.69,-8.04,1,填土,5.35,#8B4513,1.65
ZK060,904.19,466.33,-8.36,-20.5,2,粘土,12.13,#D2691E,1.85
ZK060,904.19,466.33,-15.14,-25.12,3,粉质粘土,9.99,#CD853F,1.75
ZK060,904.19,466.33,-21.47,-34.26,4,细砂,12.8,#F4A460,1.95
ZK060,904.19,466.33,-35.85,-45.59,5,中砂,9.74,#DEB887,2.05
ZK060,904.19,466.33,-46.78,-55.63,6,粗砂,8.86,#D2B48C,2.1
ZK060,904.19,466.33,-58.01,-75.5,7,砾砂,17.49,#BC8F8F,2.15
ZK060,904.19,466.33,-71.15,-99.92,8,卵石层,28.77,#A0522D,2.25
ZK060,904.19,466.33,-88.88,-113.0,9,强风化岩,24.13,#8B7355,2.4
ZK060,904.19,466.33,-116.95,-165.76,10,中风化岩,48.8,#696969,2.5
ZK060,904.19,466.33,-150.59,-198.8,11,微风化岩,48.22,#2F4F4F,2.65
ZK060,904.19,466.33,-185.71,-275.12,12,基岩,89.41,#1C1C1C,2.75
ZK061,898.73,564.54,-8.19,-14.1,1,填土,5.92,#8B4513,1.65
ZK061,898.73,564.54,-11.69,-22.19,2,粘土,10.5,#D2691E,1.85
ZK061,898.73,564.54,-27.3,-34.48,3,粉质粘土,7.19,#CD853F,1.75
ZK061,898.73,564.54,-41.07,-54.79,4,细砂,13.72,#F4A460,1.95
ZK061,898.73,564.54,-56.81,-71.86,5,中砂,15.05,#DEB887,2.05
ZK061,898.73,564.54,-75.43,-89.49,6,粗砂,14.06,#D2B48C,2.1
ZK061,898.73,564.54,-86.45,-105.32,7,砾砂,18.87,#BC8F8F,2.15
ZK061,898.73,564.54,-105.31,-132.97,8,卵石层,27.66,#A0522D,2.25
ZK061,898.73,564.54,-134.56,-164.18,9,强风化岩,29.62,#8B7355,2.4
ZK061,898.73,564.54,-171.42,-214.87,10,中风化岩,43.45,#696969,2.5
ZK062,885.75,672.43,-6.85,-14.81,1,填土,7.96,#8B4513,1.65
ZK062,885.75,672.43,-10.08,-25.22,2,粘土,15.14,#D2691E,1.85
ZK062,885.75,672.43,-20.86,-29.78,3,粉质粘土,8.92,#CD853F,1.75
ZK062,885.75,672.43,-35.58,-45.94,4,细砂,10.37,#F4A460,1.95
ZK062,885.75,672.43,-52.76,-61.36,5,中砂,8.59,#DEB887,2.05
ZK062,885.75,672.43,-66.24,-77.8,6,粗砂,11.56,#D2B48C,2.1
ZK062,885.75,672.43,-76.07,-87.01,7,砾砂,10.94,#BC8F8F,2.15
ZK062,885.75,672.43,-96.34,-115.94,8,卵石层,19.59,#A0522D,2.25
ZK062,885.75,672.43,-119.39,-150.34,9,强风化岩,30.95,#8B7355,2.4
ZK062,885.75,672.43,-159.21,-188.33,10,中风化岩,29.13,#696969,2.5
ZK062,885.75,672.43,-195.42,-251.53,11,微风化岩,56.11,#2F4F4F,2.65
ZK063,884.24,773.73,-3.48,-5.67,1,填土,2.19,#8B4513,1.65
ZK063,884.24,773.73,-5.93,-17.58,2,粘土,11.65,#D2691E,1.85
ZK063,884.24,773.73,-12.0,-22.48,3,粉质粘土,10.48,#CD853F,1.75
ZK063,884.24,773.73,-19.28,-37.31,4,细砂,18.03,#F4A460,1.95
ZK063,884.24,773.73,-30.01,-44.96,5,中砂,14.95,#DEB887,2.05
ZK063,884.24,773.73,-38.53,-49.71,6,粗砂,11.17,#D2B48C,2.1
ZK063,884.24,773.73,-46.17,-58.39,7,砾砂,12.22,#BC8F8F,2.15
ZK063,884.24,773.73,-58.89,-83.66,8,卵石层,24.77,#A0522D,2.25
ZK063,884.24,773.73,-80.27,-104.48,9,强风化岩,24.21,#8B7355,2.4
ZK063,884.24,773.73,-97.06,-122.4,10,中风化岩,25.35,#696969,2.5
ZK063,884.24,773.73,-124.32,-159.64,11,微风化岩,35.32,#2F4F4F,2.65
ZK063,884.24,773.73,-157.38,-237.77,12,基岩,80.39,#1C1C1C,2.75
ZK064,894.64,904.36,-1.3,-3.39,1,填土,2.09,#8B4513,1.65
ZK064,894.64,904.36,-5.49,-16.89,2,粘土,11.39,#D2691E,1.85
ZK064,894.64,904.36,-20.56,-31.38,3,粉质粘土,10.82,#CD853F,1.75
ZK064,894.64,904.36,-27.99,-45.94,4,细砂,17.95,#F4A460,1.95
ZK064,894.64,904.36,-40.98,-55.39,5,中砂,14.41,#DEB887,2.05
ZK064,894.64,904.36,-54.06,-65.07,6,粗砂,11.01,#D2B48C,2.1
ZK064,894.64,904.36,-66.34,-82.61,7,砾砂,16.26,#BC8F8F,2.15
ZK064,894.64,904.36,-84.95,-112.51,8,卵石层,27.56,#A0522D,2.25
ZK064,894.64,904.36,-106.02,-137.13,9,强风化岩,31.11,#8B7355,2.4
ZK064,894.64,904.36,-138.27,-165.34,10,中风化岩,27.07,#696969,2.5
ZK064,894.64,904.36,-175.99,-232.6,11,微风化岩,56.61,#2F4F4F,2.65
ZK065,366.06,400.37,-4.93,-16.57,1,填土,11.64,#8B4513,1.65
ZK065,366.06,400.37,-9.34,-35.06,2,粘土,25.71,#D2691E,1.85
ZK065,366.06,400.37,-16.51,-32.86,3,粉质粘土,16.35,#CD853F,1.75
ZK065,366.06,400.37,-22.48,-45.02,4,细砂,22.54,#F4A460,1.95
ZK065,366.06,400.37,-37.94,-66.59,5,中砂,28.65,#DEB887,2.05
ZK065,366.06,400.37,-47.06,-72.85,6,粗砂,25.79,#D2B48C,2.1
ZK065,366.06,400.37,-54.43,-80.39,7,砾砂,25.96,#BC8F8F,2.15
ZK065,366.06,400.37,-66.72,-101.05,8,卵石层,34.34,#A0522D,2.25
ZK065,366.06,400.37,-82.51,-128.52,9,强风化岩,46.01,#8B7355,2.4
ZK065,366.06,400.37,-103.57,-143.62,10,中风化岩,40.05,#696969,2.5
ZK065,366.06,400.37,-129.89,-188.08,11,微风化岩,58.19,#2F4F4F,2.65
ZK065,366.06,400.37,-161.47,-267.91,12,基岩,106.44,#1C1C1C,2.75
ZK066,746.71,864.35,-7.29,-19.36,1,填土,12.06,#8B4513,1.65
ZK066,746.71,864.35,-12.88,-29.92,2,粘土,17.04,#D2691E,1.85
ZK066,746.71,864.35,-22.17,-40.35,3,粉质粘土,18.18,#CD853F,1.75
ZK066,746.71,864.35,-38.67,-66.35,4,细砂,27.68,#F4A460,1.95
ZK066,746.71,864.35,-54.05,-79.8,5,中砂,25.76,#DEB887,2.05
ZK066,746.71,864.35,-66.17,-85.13,6,粗砂,18.96,#D2B48C,2.1
ZK066,746.71,864.35,-76.59,-104.6,7,砾砂,28.01,#BC8F8F,2.15
ZK066,746.71,864.35,-92.74,-118.99,8,卵石层,26.25,#A0522D,2.25
ZK066,746.71,864.35,-116.74,-151.97,9,强风化岩,35.23,#8B7355,2.4
ZK066,746.71,864.35,-146.63,-190.9,10,中风化岩,44.27,#696969,2.5
ZK066,746.71,864.35,-183.33,-236.7,11,微风化岩,53.38,#2F4F4F,2.65
ZK067,379.54,299.06,0.0,-7.12,1,填土,7.12,#8B4513,1.65
ZK067,379.54,299.06,-7.5,-19.95,2,粘土,12.46,#D2691E,1.85
ZK067,379.54,299.06,-20.24,-28.88,3,粉质粘土,8.65,#CD853F,1.75
ZK067,379.54,299.06,-25.45,-39.53,4,细砂,14.08,#F4A460,1.95
ZK067,379.54,299.06,-40.61,-49.91,5,中砂,9.29,#DEB887,2.05
ZK067,379.54,299.06,-53.23,-65.0,6,粗砂,11.76,#D2B48C,2.1
ZK067,379.54,299.06,-64.72,-78.7,7,砾砂,13.98,#BC8F8F,2.15
ZK067,379.54,299.06,-81.36,-103.91,8,卵石层,22.55,#A0522D,2.25
ZK067,379.54,299.06,-106.25,-138.24,9,强风化岩,31.99,#8B7355,2.4
ZK067,379.54,299.06,-134.09,-176.41,10,中风化岩,42.32,#696969,2.5
ZK067,379.54,299.06,-171.76,-228.32,11,微风化岩,56.57,#2F4F4F,2.65
ZK068,357.19,377.92,-5.61,-13.34,1,填土,7.73,#8B4513,1.65
ZK068,357.19,377.92,-9.24,-23.67,2,粘土,14.43,#D2691E,1.85
ZK068,357.19,377.92,-17.58,-38.79,3,粉质粘土,21.22,#CD853F,1.75
ZK068,357.19,377.92,-23.74,-45.76,4,细砂,22.03,#F4A460,1.95
ZK068,357.19,377.92,-40.22,-67.07,5,中砂,26.85,#DEB887,2.05
ZK068,357.19,377.92,-50.49,-71.68,6,粗砂,21.19,#D2B48C,2.1
ZK068,357.19,377.92,-57.26,-92.97,7,砾砂,35.71,#BC8F8F,2.15
ZK068,357.19,377.92,-69.95,-98.5,8,卵石层,28.55,#A0522D,2.25
ZK068,357.19,377.92,-86.26,-123.43,9,强风化岩,37.17,#8B7355,2.4
ZK068,357.19,377.92,-108.0,-171.95,10,中风化岩,63.95,#696969,2.5
ZK068,357.19,377.92,-135.19,-188.29,11,微风化岩,53.1,#2F4F4F,2.65
ZK068,357.19,377.92,-167.81,-282.04,12,基岩,114.23,#1C1C1C,2.75
ZK069,127.48,285.25,0.0,-4.77,1,填土,4.77,#8B4513,1.65
ZK069,127.48,285.25,-4.66,-15.9,2,粘土,11.24,#D2691E,1.85
ZK069,127.48,285.25,-17.47,-28.87,3,粉质粘土,11.39,#CD853F,1.75
ZK069,127.48,285.25,-26.85,-45.69,4,细砂,18.84,#F4A460,1.95
ZK069,127.48,285.25,-37.71,-47.36,5,中砂,9.66,#DEB887,2.05
ZK069,127.48,285.25,-49.76,-64.3,6,粗砂,14.54,#D2B48C,2.1
ZK069,127.48,285.25,-59.13,-79.41,7,砾砂,20.28,#BC8F8F,2.15
ZK069,127.48,285.25,-75.42,-99.99,8,卵石层,24.56,#A0522D,2.25
ZK069,127.48,285.25,-97.22,-126.68,9,强风化岩,29.46,#8B7355,2.4
ZK069,127.48,285.25,-124.31,-169.61,10,中风化岩,45.3,#696969,2.5
ZK069,127.48,285.25,-162.7,-218.39,11,微风化岩,55.69,#2F4F4F,2.65
ZK070,115.86,385.43,0.0,-6.6,1,填土,6.6,#8B4513,1.65
ZK070,115.86,385.43,-6.45,-22.51,2,粘土,16.06,#D2691E,1.85
ZK070,115.86,385.43,-21.29,-31.36,3,粉质粘土,10.07,#CD853F,1.75
ZK070,115.86,385.43,-33.03,-45.23,4,细砂,12.19,#F4A460,1.95
ZK070,115.86,385.43,-51.61,-71.73,5,中砂,20.12,#DEB887,2.05
ZK070,115.86,385.43,-69.95,-85.13,6,粗砂,15.19,#D2B48C,2.1
ZK070,115.86,385.43,-84.36,-108.61,7,砾砂,24.25,#BC8F8F,2.15
ZK070,115.86,385.43,-106.51,-138.23,8,卵石层,31.71,#A0522D,2.25
ZK070,115.86,385.43,-135.67,-160.47,9,强风化岩,24.8,#8B7355,2.4
ZK070,115.86,385.43,-172.51,-209.55,10,中风化岩,37.05,#696969,2.5
ZK071,192.0,411.69,0.83,-4.3,1,填土,5.12,#8B4513,1.65
ZK071,192.0,411.69,-5.16,-16.78,2,粘土,11.63,#D2691E,1.85
ZK071,192.0,411.69,-22.64,-28.53,3,粉质粘土,5.89,#CD853F,1.75
ZK071,192.0,411.69,-29.09,-38.96,4,细砂,9.88,#F4A460,1.95
ZK071,192.0,411.69,-46.21,-55.25,5,中砂,9.04,#DEB887,2.05
ZK071,192.0,411.69,-61.76,-67.52,6,粗砂,5.76,#D2B48C,2.1
ZK071,192.0,411.69,-74.32,-83.61,7,砾砂,9.28,#BC8F8F,2.15
ZK071,192.0,411.69,-95.26,-110.05,8,卵石层,14.79,#A0522D,2.25
ZK071,192.0,411.69,-122.18,-141.69,9,强风化岩,19.51,#8B7355,2.4
ZK071,192.0,411.69,-158.07,-195.03,10,中风化岩,36.95,#696969,2.5
ZK071,192.0,411.69,-203.77,-231.15,11,微风化岩,27.38,#2F4F4F,2.65
ZK072,477.84,632.44,-0.56,-2.71,1,填土,2.15,#8B4513,1.65
ZK072,477.84,632.44,-3.87,-12.62,2,粘土,8.75,#D2691E,1.85
ZK072,477.84,632.44,-17.68,-22.87,3,粉质粘土,5.19,#CD853F,1.75
ZK072,477.84,632.44,-27.34,-39.55,4,细砂,12.21,#F4A460,1.95
ZK072,477.84,632.44,-44.02,-53.48,5,中砂,9.46,#DEB887,2.05
ZK072,477.84,632.44,-58.31,-68.82,6,粗砂,10.51,#D2B48C,2.1
ZK072,477.84,632.44,-65.1,-81.91,7,砾砂,16.81,#BC8F8F,2.15
ZK072,477.84,632.44,-88.55,-114.77,8,卵石层,26.22,#A0522D,2.25
ZK072,477.84,632.44,-107.98,-134.07,9,强风化岩,26.09,#8B7355,2.4
ZK072,477.84,632.44,-140.14,-169.44,10,中风化岩,29.3,#696969,2.5
ZK072,477.84,632.44,-182.16,-243.57,11,微风化岩,61.4,#2F4F4F,2.65
ZK073,955.92,471.0,-2.72,-10.15,1,填土,7.43,#8B4513,1.65
ZK073,955.92,471.0,-6.43,-21.57,2,粘土,15.13,#D2691E,1.85
ZK073,955.92,471.0,-16.93,-26.91,3,粉质粘土,9.98,#CD853F,1.75
ZK073,955.92,471.0,-24.46,-42.78,4,细砂,18.32,#F4A460,1.95
ZK073,955.92,471.0,-37.22,-47.95,5,中砂,10.73,#DEB887,2.05
ZK073,955.92,471.0,-49.99,-64.16,6,粗砂,14.16,#D2B48C,2.1
ZK073,955.92,471.0,-60.16,-80.83,7,砾砂,20.67,#BC8F8F,2.15
ZK073,955.92,471.0,-75.38,-97.93,8,卵石层,22.55,#A0522D,2.25
ZK073,955.92,471.0,-96.31,-128.86,9,强风化岩,32.55,#8B7355,2.4
ZK073,955.92,471.0,-127.12,-157.27,10,中风化岩,30.15,#696969,2.5
ZK073,955.92,471.0,-159.13,-210.13,11,微风化岩,51.0,#2F4F4F,2.65
ZK074,975.16,510.66,-1.34,-4.29,1,填土,2.95,#8B4513,1.65
ZK074,975.16,510.66,-12.3,-24.94,2,粘土,12.64,#D2691E,1.85
ZK074,975.16,510.66,-18.55,-26.22,3,粉质粘土,7.67,#CD853F,1.75
ZK074,975.16,510.66,-29.01,-42.52,4,细砂,13.51,#F4A460,1.95
ZK074,975.16,510.66,-43.46,-52.21,5,中砂,8.75,#DEB887,2.05
ZK074,975.16,510.66,-58.47,-67.98,6,粗砂,9.51,#D2B48C,2.1
ZK074,975.16,510.66,-70.91,-85.23,7,砾砂,14.33,#BC8F8F,2.15
ZK074,975.16,510.66,-85.97,-102.16,8,卵石层,16.19,#A0522D,2.25
ZK074,975.16,510.66,-110.02,-143.82,9,强风化岩,33.8,#8B7355,2.4
ZK074,975.16,510.66,-139.87,-176.44,10,中风化岩,36.56,#696969,2.5
ZK074,975.16,510.66,-179.92,-210.02,11,微风化岩,30.1,#2F4F4F,2.65
ZK075,850.01,655.25,-3.64,-10.41,1,填土,6.77,#8B4513,1.65
ZK075,850.01,655.25,-9.95,-18.88,2,粘土,8.92,#D2691E,1.85
ZK075,850.01,655.25,-24.31,-31.85,3,粉质粘土,7.54,#CD853F,1.75
ZK075,850.01,655.25,-35.31,-48.61,4,细砂,13.3,#F4A460,1.95
ZK075,850.01,655.25,-50.29,-61.06,5,中砂,10.77,#DEB887,2.05
ZK075,850.01,655.25,-66.75,-83.37,6,粗砂,16.62,#D2B48C,2.1
ZK075,850.01,655.25,-80.44,-106.01,7,砾砂,25.58,#BC8F8F,2.15
ZK075,850.01,655.25,-101.3,-128.53,8,卵石层,27.23,#A0522D,2.25
ZK075,850.01,655.25,-126.12,-150.76,9,强风化岩,24.65,#8B7355,2.4
ZK075,850.01,655.25,-161.76,-192.73,10,中风化岩,30.97,#696969,2.5
ZK075,850.01,655.25,-203.16,-261.34,11,微风化岩,58.17,#2F4F4F,2.65
ZK076,810.16,503.41,0.0,-3.1,1,填土,3.1,#8B4513,1.65
ZK076,810.16,503.41,-5.88,-20.04,2,粘土,14.16,#D2691E,1.85
ZK076,810.16,503.41,-16.68,-27.97,3,粉质粘土,11.29,#CD853F,1.75
ZK076,810.16,503.41,-25.28,-36.33,4,细砂,11.05,#F4A460,1.95
ZK076,810.16,503.41,-40.44,-52.1,5,中砂,11.66,#DEB887,2.05
ZK076,810.16,503.41,-53.58,-66.47,6,粗砂,12.88,#D2B48C,2.1
ZK076,810.16,503.41,-66.53,-82.18,7,砾砂,15.65,#BC8F8F,2.15
ZK076,810.16,503.41,-84.08,-110.31,8,卵石层,26.23,#A0522D,2.25
ZK076,810.16,503.41,-108.25,-138.18,9,强风化岩,29.93,#8B7355,2.4
ZK076,810.16,503.41,-135.08,-167.84,10,中风化岩,32.75,#696969,2.5
ZK076,810.16,503.41,-172.88,-205.84,11,微风化岩,32.95,#2F4F4F,2.65
ZK077,691.93,99.17,0.0,-5.11,1,填土,5.11,#8B4513,1.65
ZK077,691.93,99.17,-5.01,-16.34,2,粘土,11.32,#D2691E,1.85
ZK077,691.93,99.17,-16.54,-26.13,3,粉质粘土,9.59,#CD853F,1.75
ZK077,691.93,99.17,-25.07,-44.48,4,细砂,19.42,#F4A460,1.95
ZK077,691.93,99.17,-40.1,-51.57,5,中砂,11.47,#DEB887,2.05
ZK077,691.93,99.17,-53.14,-66.69,6,粗砂,13.55,#D2B48C,2.1
ZK077,691.93,99.17,-63.67,-83.53,7,砾砂,19.86,#BC8F8F,2.15
ZK077,691.93,99.17,-81.21,-107.66,8,卵石层,26.45,#A0522D,2.25
ZK077,691.93,99.17,-103.77,-127.58,9,强风化岩,23.81,#8B7355,2.4
ZK077,691.93,99.17,-133.85,-165.71,10,中风化岩,31.86,#696969,2.5
ZK077,691.93,99.17,-171.45,-218.48,11,微风化岩,47.03,#2F4F4F,2.65
ZK078,480.73,415.63,-3.42,-8.43,1,填土,5.01,#8B4513,1.65
ZK078,480.73,415.63,-4.65,-15.63,2,粘土,10.98,#D2691E,1.85
ZK078,480.73,415.63,-15.81,-20.5,3,粉质粘土,4.69,#CD853F,1.75
ZK078,480.73,415.63,-23.26,-32.49,4,细砂,9.24,#F4A460,1.95
ZK078,480.73,415.63,-41.15,-55.15,5,中砂,14.0,#DEB887,2.05
ZK078,480.73,415.63,-52.87,-60.46,6,粗砂,7.59,#D2B48C,2.1
ZK078,480.73,415.63,-62.2,-77.56,7,砾砂,15.35,#BC8F8F,2.15
ZK078,480.73,415.63,-75.35,-95.56,8,卵石层,20.21,#A0522D,2.25
ZK078,480.73,415.63,-96.28,-121.82,9,强风化岩,25.54,#8B7355,2.4
ZK078,480.73,415.63,-126.7,-154.58,10,中风化岩,27.88,#696969,2.5
ZK078,480.73,415.63,-163.57,-208.35,11,微风化岩,44.78,#2F4F4F,2.65
ZK079,953.38,48.7,-6.38,-10.07,1,填土,3.69,#8B4513,1.65
ZK079,953.38,48.7,-9.88,-19.71,2,粘土,9.83,#D2691E,1.85
ZK079,953.38,48.7,-25.32,-33.67,3,粉质粘土,8.34,#CD853F,1.75
ZK079,953.38,48.7,-26.83,-48.1,4,细砂,21.26,#F4A460,1.95
ZK079,953.38,48.7,-43.25,-58.38,5,中砂,15.13,#DEB887,2.05
ZK079,953.38,48.7,-52.27,-62.53,6,粗砂,10.26,#D2B48C,2.1
ZK079,953.38,48.7,-63.33,-85.86,7,砾砂,22.53,#BC8F8F,2.15
ZK079,953.38,48.7,-78.52,-104.77,8,卵石层,26.25,#A0522D,2.25
ZK079,953.38,48.7,-96.16,-118.82,9,强风化岩,22.67,#8B7355,2.4
ZK079,953.38,48.7,-125.39,-161.12,10,中风化岩,35.73,#696969,2.5
ZK079,953.38,48.7,-159.52,-222.85,11,微风化岩,63.33,#2F4F4F,2.65
ZK080,427.26,869.6,-3.79,-11.84,1,填土,8.05,#8B4513,1.65
ZK080,427.26,869.6,-7.32,-17.64,2,粘土,10.32,#D2691E,1.85
ZK080,427.26,869.6,-18.58,-28.02,3,粉质粘土,9.43,#CD853F,1.75
ZK080,427.26,869.6,-24.87,-38.41,4,细砂,13.54,#F4A460,1.95
ZK080,427.26,869.6,-38.18,-56.08,5,中砂,17.9,#DEB887,2.05
ZK080,427.26,869.6,-50.56,-57.22,6,粗砂,6.67,#D2B48C,2.1
ZK080,427.26,869.6,-60.08,-78.93,7,砾砂,18.85,#BC8F8F,2.15
ZK080,427.26,869.6,-77.64,-98.92,8,卵石层,21.28,#A0522D,2.25
ZK080,427.26,869.6,-96.52,-120.99,9,强风化岩,24.47,#8B7355,2.4
ZK080,427.26,869.6,-119.77,-152.49,10,中风化岩,32.71,#696969,2.5
ZK080,427.26,869.6,-158.21,-205.26,11,微风化岩,47.05,#2F4F4F,2.65
ZK081,939.17,627.32,-10.32,-12.62,1,填土,2.3,#8B4513,1.65
ZK081,939.17,627.32,-14.6,-22.41,2,粘土,7.81,#D2691E,1.85
ZK081,939.17,627.32,-25.41,-31.57,3,粉质粘土,6.16,#CD853F,1.75
ZK081,939.17,627.32,-40.75,-53.03,4,细砂,12.28,#F4A460,1.95
ZK081,939.17,627.32,-54.39,-61.93,5,中砂,7.54,#DEB887,2.05
ZK081,939.17,627.32,-72.35,-83.77,6,粗砂,11.42,#D2B48C,2.1
ZK081,939.17,627.32,-83.66,-97.94,7,砾砂,14.28,#BC8F8F,2.15
ZK081,939.17,627.32,-103.21,-126.39,8,卵石层,23.18,#A0522D,2.25
ZK081,939.17,627.32,-135.05,-158.46,9,强风化岩,23.41,#8B7355,2.4
ZK081,939.17,627.32,-167.94,-190.71,10,中风化岩,22.76,#696969,2.5
ZK081,939.17,627.32,-212.37,-238.76,11,微风化岩,26.39,#2F4F4F,2.65
ZK082,762.27,580.42,-0.13,-4.08,1,填土,3.95,#8B4513,1.65
ZK082,762.27,580.42,-5.28,-14.47,2,粘土,9.19,#D2691E,1.85
ZK082,762.27,580.42,-17.22,-28.02,3,粉质粘土,10.8,#CD853F,1.75
ZK082,762.27,580.42,-26.1,-43.4,4,细砂,17.3,#F4A460,1.95
ZK082,762.27,580.42,-41.76,-50.6,5,中砂,8.84,#DEB887,2.05
ZK082,762.27,580.42,-55.33,-65.88,6,粗砂,10.55,#D2B48C,2.1
ZK082,762.27,580.42,-67.17,-82.53,7,砾砂,15.36,#BC8F8F,2.15
ZK082,762.27,580.42,-84.56,-103.4,8,卵石层,18.85,#A0522D,2.25
ZK082,762.27,580.42,-108.04,-142.25,9,强风化岩,34.2,#8B7355,2.4
ZK082,762.27,580.42,-139.36,-175.03,10,中风化岩,35.67,#696969,2.5
ZK082,762.27,580.42,-178.51,-231.41,11,微风化岩,52.9,#2F4F4F,2.65
ZK083,717.23,964.57,-3.27,-9.73,1,填土,6.46,#8B4513,1.65
ZK083,717.23,964.57,-5.79,-16.21,2,粘土,10.42,#D2691E,1.85
ZK083,717.23,964.57,-15.36,-23.04,3,粉质粘土,7.69,#CD853F,1.75
ZK083,717.23,964.57,-22.45,-38.91,4,细砂,16.46,#F4A460,1.95
ZK083,717.23,964.57,-39.53,-54.5,5,中砂,14.97,#DEB887,2.05
ZK083,717.23,964.57,-49.85,-60.0,6,粗砂,10.15,#D2B48C,2.1
ZK083,717.23,964.57,-57.69,-69.54,7,砾砂,11.85,#BC8F8F,2.15
ZK083,717.23,964.57,-74.44,-88.89,8,卵石层,14.44,#A0522D,2.25
ZK083,717.23,964.57,-93.86,-120.85,9,强风化岩,26.98,#8B7355,2.4
ZK083,717.23,964.57,-125.52,-155.61,10,中风化岩,30.09,#696969,2.5
ZK083,717.23,964.57,-153.57,-185.93,11,微风化岩,32.36,#2F4F4F,2.65
ZK083,717.23,964.57,-193.98,-243.77,12,基岩,49.79,#1C1C1C,2.75
ZK084,826.12,318.59,0.0,-7.45,1,填土,7.45,#8B4513,1.65
ZK084,826.12,318.59,-7.36,-15.7,2,粘土,8.33,#D2691E,1.85
ZK084,826.12,318.59,-17.88,-26.86,3,粉质粘土,8.98,#CD853F,1.75
ZK084,826.12,318.59,-23.66,-34.98,4,细砂,11.32,#F4A460,1.95
ZK084,826.12,318.59,-39.0,-54.93,5,中砂,15.93,#DEB887,2.05
ZK084,826.12,318.59,-51.18,-57.54,6,粗砂,6.36,#D2B48C,2.1
ZK084,826.12,318.59,-61.75,-71.87,7,砾砂,10.12,#BC8F8F,2.15
ZK084,826.12,318.59,-78.43,-98.18,8,卵石层,19.75,#A0522D,2.25
ZK084,826.12,318.59,-100.24,-132.0,9,强风化岩,31.75,#8B7355,2.4
ZK084,826.12,318.59,-125.06,-159.61,10,中风化岩,34.55,#696969,2.5
ZK084,826.12,318.59,-162.35,-193.92,11,微风化岩,31.56,#2F4F4F,2.65
ZK084,826.12,318.59,-202.14,-271.19,12,基岩,69.06,#1C1C1C,2.75
ZK085,396.01,583.41,-5.48,-9.85,1,填土,4.37,#8B4513,1.65
ZK085,396.01,583.41,-7.68,-17.42,2,粘土,9.74,#D2691E,1.85
ZK085,396.01,583.41,-22.44,-29.19,3,粉质粘土,6.75,#CD853F,1.75
ZK085,396.01,583.41,-33.82,-44.66,4,细砂,10.84,#F4A460,1.95
ZK085,396.01,583.41,-53.08,-64.82,5,中砂,11.73,#DEB887,2.05
ZK085,396.01,583.41,-68.57,-77.04,6,粗砂,8.47,#D2B48C,2.1
ZK085,396.01,583.41,-83.15,-92.15,7,砾砂,9.0,#BC8F8F,2.15
ZK085,396.01,583.41,-105.12,-124.18,8,卵石层,19.06,#A0522D,2.25
ZK085,396.01,583.41,-135.97,-163.38,9,强风化岩,27.4,#8B7355,2.4
ZK085,396.01,583.41,-173.16,-199.12,10,中风化岩,25.95,#696969,2.5
ZK085,396.01,583.41,-225.3,-264.29,11,微风化岩,39.0,#2F4F4F,2.65
ZK086,568.25,328.23,-10.28,-13.9,1,填土,3.62,#8B4513,1.65
ZK086,568.25,328.23,-12.99,-22.35,2,粘土,9.37,#D2691E,1.85
ZK086,568.25,328.23,-27.27,-34.21,3,粉质粘土,6.93,#CD853F,1.75
ZK086,568.25,328.23,-34.46,-51.9,4,细砂,17.45,#F4A460,1.95
ZK086,568.25,328.23,-53.47,-70.24,5,中砂,16.77,#DEB887,2.05
ZK086,568.25,328.23,-64.48,-70.36,6,粗砂,5.88,#D2B48C,2.1
ZK086,568.25,328.23,-77.78,-98.89,7,砾砂,21.1,#BC8F8F,2.15
ZK086,568.25,328.23,-99.24,-117.46,8,卵石层,18.21,#A0522D,2.25
ZK086,568.25,328.23,-122.3,-152.6,9,强风化岩,30.31,#8B7355,2.4
ZK086,568.25,328.23,-152.24,-177.84,10,中风化岩,25.6,#696969,2.5
ZK086,568.25,328.23,-198.25,-254.89,11,微风化岩,56.64,#2F4F4F,2.65
ZK087,122.17,23.2,-12.06,-15.45,1,填土,3.39,#8B4513,1.65
ZK087,122.17,23.2,-14.71,-23.66,2,粘土,8.95,#D2691E,1.85
ZK087,122.17,23.2,-32.52,-44.76,3,粉质粘土,12.25,#CD853F,1.75
ZK087,122.17,23.2,-37.61,-55.38,4,细砂,17.77,#F4A460,1.95
ZK087,122.17,23.2,-60.4,-71.78,5,中砂,11.38,#DEB887,2.05
ZK087,122.17,23.2,-77.97,-87.47,6,粗砂,9.5,#D2B48C,2.1
ZK087,122.17,23.2,-89.91,-108.65,7,砾砂,18.75,#BC8F8F,2.15
ZK087,122.17,23.2,-112.58,-130.44,8,卵石层,17.87,#A0522D,2.25
ZK087,122.17,23.2,-140.5,-171.48,9,强风化岩,30.98,#8B7355,2.4
ZK087,122.17,23.2,-181.43,-228.9,10,中风化岩,47.47,#696969,2.5
ZK088,927.24,198.08,-0.25,-6.5,1,填土,6.25,#8B4513,1.65
ZK088,927.24,198.08,-7.55,-20.6,2,粘土,13.06,#D2691E,1.85
ZK088,927.24,198.08,-25.06,-32.72,3,粉质粘土,7.67,#CD853F,1.75
ZK088,927.24,198.08,-31.62,-45.78,4,细砂,14.16,#F4A460,1.95
ZK088,927.24,198.08,-49.5,-60.63,5,中砂,11.13,#DEB887,2.05
ZK088,927.24,198.08,-65.59,-75.62,6,粗砂,10.03,#D2B48C,2.1
ZK088,927.24,198.08,-78.58,-87.73,7,砾砂,9.15,#BC8F8F,2.15
ZK088,927.24,198.08,-101.79,-125.38,8,卵石层,23.59,#A0522D,2.25
ZK088,927.24,198.08,-128.09,-149.48,9,强风化岩,21.4,#8B7355,2.4
ZK088,927.24,198.08,-165.21,-197.33,10,中风化岩,32.11,#696969,2.5
ZK088,927.24,198.08,-212.55,-265.05,11,微风化岩,52.51,#2F4F4F,2.65
ZK089,727.69,508.37,0.0,-7.8,1,填土,7.8,#8B4513,1.65
ZK089,727.69,508.37,-4.95,-15.7,2,粘土,10.75,#D2691E,1.85
ZK089,727.69,508.37,-16.32,-21.75,3,粉质粘土,5.43,#CD853F,1.75
ZK089,727.69,508.37,-24.73,-36.73,4,细砂,12.0,#F4A460,1.95
ZK089,727.69,508.37,-39.56,-48.7,5,中砂,9.13,#DEB887,2.05
ZK089,727.69,508.37,-52.42,-65.42,6,粗砂,13.0,#D2B48C,2.1
ZK089,727.69,508.37,-62.81,-77.55,7,砾砂,14.74,#BC8F8F,2.15
ZK089,727.69,508.37,-80.12,-98.28,8,卵石层,18.16,#A0522D,2.25
ZK089,727.69,508.37,-102.37,-135.72,9,强风化岩,33.35,#8B7355,2.4
ZK089,727.69,508.37,-132.05,-158.73,10,中风化岩,26.69,#696969,2.5
ZK089,727.69,508.37,-169.14,-211.25,11,微风化岩,42.12,#2F4F4F,2.65
ZK090,678.11,588.69,0.0,-4.75,1,填土,4.75,#8B4513,1.65
ZK090,678.11,588.69,-3.84,-11.74,2,粘土,7.9,#D2691E,1.85
ZK090,678.11,588.69,-12.67,-19.81,3,粉质粘土,7.13,#CD853F,1.75
ZK090,678.11,588.69,-19.2,-33.47,4,细砂,14.27,#F4A460,1.95
ZK090,678.11,588.69,-30.72,-44.72,5,中砂,13.99,#DEB887,2.05
ZK090,678.11,588.69,-40.71,-46.14,6,粗砂,5.43,#D2B48C,2.1
ZK090,678.11,588.69,-48.77,-66.98,7,砾砂,18.21,#BC8F8F,2.15
ZK090,678.11,588.69,-62.21,-80.3,8,卵石层,18.09,#A0522D,2.25
ZK090,678.11,588.69,-79.5,-106.64,9,强风化岩,27.14,#8B7355,2.4
ZK090,678.11,588.69,-102.54,-132.2,10,中风化岩,29.66,#696969,2.5
ZK090,678.11,588.69,-131.34,-173.55,11,微风化岩,42.21,#2F4F4F,2.65
ZK090,678.11,588.69,-165.91,-231.24,12,基岩,65.33,#1C1C1C,2.75
ZK091,558.04,923.46,-5.88,-11.57,1,填土,5.69,#8B4513,1.65
ZK091,558.04,923.46,-10.36,-23.37,2,粘土,13.01,#D2691E,1.85
ZK091,558.04,923.46,-25.1,-35.38,3,粉质粘土,10.28,#CD853F,1.75
ZK091,558.04,923.46,-33.79,-44.47,4,细砂,10.68,#F4A460,1.95
ZK091,558.04,923.46,-49.12,-61.36,5,中砂,12.25,#DEB887,2.05
ZK091,558.04,923.46,-55.84,-63.48,6,粗砂,7.64,#D2B48C,2.1
ZK091,558.04,923.46,-64.43,-76.89,7,砾砂,12.46,#BC8F8F,2.15
ZK091,558.04,923.46,-82.06,-113.1,8,卵石层,31.04,#A0522D,2.25
ZK091,558.04,923.46,-105.64,-132.77,9,强风化岩,27.13,#8B7355,2.4
ZK091,558.04,923.46,-130.65,-181.45,10,中风化岩,50.8,#696969,2.5
ZK091,558.04,923.46,-166.44,-226.2,11,微风化岩,59.76,#2F4F4F,2.65
ZK092,692.32,631.28,0.0,-5.14,1,填土,5.14,#8B4513,1.65
ZK092,692.32,631.28,-4.12,-15.27,2,粘土,11.15,#D2691E,1.85
ZK092,692.32,631.28,-13.61,-21.34,3,粉质粘土,7.73,#CD853F,1.75
ZK092,692.32,631.28,-20.62,-33.97,4,细砂,13.35,#F4A460,1.95
ZK092,692.32,631.28,-32.98,-46.77,5,中砂,13.79,#DEB887,2.05
ZK092,692.32,631.28,-43.71,-56.1,6,粗砂,12.4,#D2B48C,2.1
ZK092,692.32,631.28,-52.36,-69.95,7,砾砂,17.59,#BC8F8F,2.15
ZK092,692.32,631.28,-66.79,-87.2,8,卵石层,20.41,#A0522D,2.25
ZK092,692.32,631.28,-85.35,-103.73,9,强风化岩,18.38,#8B7355,2.4
ZK092,692.32,631.28,-110.09,-151.13,10,中风化岩,41.04,#696969,2.5
ZK092,692.32,631.28,-141.01,-167.25,11,微风化岩,26.24,#2F4F4F,2.65
ZK092,692.32,631.28,-178.12,-254.15,12,基岩,76.03,#1C1C1C,2.75
ZK093,510.97,840.27,-5.59,-11.3,1,填土,5.71,#8B4513,1.65
ZK093,510.97,840.27,-13.29,-21.58,2,粘土,8.29,#D2691E,1.85
ZK093,510.97,840.27,-24.6,-34.3,3,粉质粘土,9.7,#CD853F,1.75
ZK093,510.97,840.27,-30.53,-43.47,4,细砂,12.94,#F4A460,1.95
ZK093,510.97,840.27,-49.5,-62.98,5,中砂,13.48,#DEB887,2.05
ZK093,510.97,840.27,-62.22,-74.01,6,粗砂,11.8,#D2B48C,2.1
ZK093,510.97,840.27,-75.55,-85.0,7,砾砂,9.45,#BC8F8F,2.15
ZK093,510.97,840.27,-92.75,-113.59,8,卵石层,20.84,#A0522D,2.25
ZK093,510.97,840.27,-110.33,-141.32,9,强风化岩,30.99,#8B7355,2.4
ZK093,510.97,840.27,-142.34,-170.6,10,中风化岩,28.26,#696969,2.5
ZK093,510.97,840.27,-183.56,-210.57,11,微风化岩,27.0,#2F4F4F,2.65
ZK094,185.31,541.52,-6.1,-9.9,1,填土,3.8,#8B4513,1.65
ZK094,185.31,541.52,-7.59,-22.73,2,粘土,15.14,#D2691E,1.85
ZK094,185.31,541.52,-20.94,-31.81,3,粉质粘土,10.87,#CD853F,1.75
ZK094,185.31,541.52,-27.7,-39.86,4,细砂,12.16,#F4A460,1.95
ZK094,185.31,541.52,-37.51,-52.62,5,中砂,15.11,#DEB887,2.05
ZK094,185.31,541.52,-49.01,-62.25,6,粗砂,13.24,#D2B48C,2.1
ZK094,185.31,541.52,-59.08,-75.73,7,砾砂,16.65,#BC8F8F,2.15
ZK094,185.31,541.52,-74.32,-91.91,8,卵石层,17.59,#A0522D,2.25
ZK094,185.31,541.52,-94.38,-126.66,9,强风化岩,32.28,#8B7355,2.4
ZK094,185.31,541.52,-120.86,-155.96,10,中风化岩,35.1,#696969,2.5
ZK094,185.31,541.52,-155.03,-201.27,11,微风化岩,46.25,#2F4F4F,2.65
ZK095,409.25,283.9,-2.24,-5.2,1,填土,2.96,#8B4513,1.65
ZK095,409.25,283.9,-10.64,-23.18,2,粘土,12.54,#D2691E,1.85
ZK095,409.25,283.9,-20.44,-31.96,3,粉质粘土,11.51,#CD853F,1.75
ZK095,409.25,283.9,-31.24,-50.26,4,细砂,19.01,#F4A460,1.95
ZK095,409.25,283.9,-44.7,-55.66,5,中砂,10.96,#DEB887,2.05
ZK095,409.25,283.9,-58.08,-65.05,6,粗砂,6.97,#D2B48C,2.1
ZK095,409.25,283.9,-70.89,-90.67,7,砾砂,19.78,#BC8F8F,2.15
ZK095,409.25,283.9,-86.52,-114.71,8,卵石层,28.19,#A0522D,2.25
ZK095,409.25,283.9,-117.08,-143.64,9,强风化岩,26.56,#8B7355,2.4
ZK095,409.25,283.9,-145.34,-178.27,10,中风化岩,32.93,#696969,2.5
ZK095,409.25,283.9,-184.47,-215.0,11,微风化岩,30.54,#2F4F4F,2.65
ZK096,543.08,590.6,-8.36,-21.45,1,填土,13.09,#8B4513,1.65
ZK096,543.08,590.6,-12.46,-38.39,2,粘土,25.93,#D2691E,1.85
ZK096,543.08,590.6,-20.77,-38.69,3,粉质粘土,17.92,#CD853F,1.75
ZK096,543.08,590.6,-36.41,-61.46,4,细砂,25.06,#F4A460,1.95
ZK096,543.08,590.6,-47.47,-76.84,5,中砂,29.37,#DEB887,2.05
ZK096,543.08,590.6,-58.49,-82.84,6,粗砂,24.36,#D2B48C,2.1
ZK096,543.08,590.6,-67.38,-103.11,7,砾砂,35.72,#BC8F8F,2.15
ZK096,543.08,590.6,-82.2,-125.43,8,卵石层,43.22,#A0522D,2.25
ZK096,543.08,590.6,-103.44,-156.57,9,强风化岩,53.13,#8B7355,2.4
ZK096,543.08,590.6,-126.68,-189.29,10,中风化岩,62.61,#696969,2.5
ZK096,543.08,590.6,-160.21,-210.41,11,微风化岩,50.2,#2F4F4F,2.65
ZK097,462.54,369.68,-0.71,-4.1,1,填土,3.39,#8B4513,1.65
ZK097,462.54,369.68,-8.34,-22.44,2,粘土,14.1,#D2691E,1.85
ZK097,462.54,369.68,-18.21,-26.94,3,粉质粘土,8.73,#CD853F,1.75
ZK097,462.54,369.68,-25.18,-35.46,4,细砂,10.28,#F4A460,1.95
ZK097,462.54,369.68,-41.39,-50.97,5,中砂,9.58,#DEB887,2.05
ZK097,462.54,369.68,-47.92,-55.97,6,粗砂,8.05,#D2B48C,2.1
ZK097,462.54,369.68,-58.08,-68.12,7,砾砂,10.04,#BC8F8F,2.15
ZK097,462.54,369.68,-74.13,-92.49,8,卵石层,18.36,#A0522D,2.25
ZK097,462.54,369.68,-95.51,-133.45,9,强风化岩,37.94,#8B7355,2.4
ZK097,462.54,369.68,-121.95,-165.05,10,中风化岩,43.1,#696969,2.5
ZK097,462.54,369.68,-154.65,-206.04,11,微风化岩,51.4,#2F4F4F,2.65
ZK098,900.27,697.74,-4.31,-8.89,1,填土,4.58,#8B4513,1.65
ZK098,900.27,697.74,-10.29,-21.54,2,粘土,11.25,#D2691E,1.85
ZK098,900.27,697.74,-23.3,-28.5,3,粉质粘土,5.2,#CD853F,1.75
ZK098,900.27,697.74,-27.5,-47.25,4,细砂,19.74,#F4A460,1.95
ZK098,900.27,697.74,-44.84,-62.41,5,中砂,17.56,#DEB887,2.05
ZK098,900.27,697.74,-58.49,-72.56,6,粗砂,14.07,#D2B48C,2.1
ZK098,900.27,697.74,-66.74,-78.95,7,砾砂,12.21,#BC8F8F,2.15
ZK098,900.27,697.74,-82.2,-110.72,8,卵石层,28.52,#A0522D,2.25
ZK098,900.27,697.74,-107.99,-142.25,9,强风化岩,34.25,#8B7355,2.4
ZK098,900.27,697.74,-140.14,-173.32,10,中风化岩,33.17,#696969,2.5
ZK098,900.27,697.74,-180.5,-216.2,11,微风化岩,35.69,#2F4F4F,2.65
ZK099,296.72,168.45,0.0,-6.4,1,填土,6.4,#8B4513,1.65
ZK099,296.72,168.45,-5.73,-19.68,2,粘土,13.95,#D2691E,1.85
ZK099,296.72,168.45,-18.91,-28.8,3,粉质粘土,9.89,#CD853F,1.75
ZK099,296.72,168.45,-28.65,-41.79,4,细砂,13.14,#F4A460,1.95
ZK099,296.72,168.45,-45.85,-54.66,5,中砂,8.81,#DEB887,2.05
ZK099,296.72,168.45,-60.75,-75.38,6,粗砂,14.63,#D2B48C,2.1
ZK099,296.72,168.45,-72.78,-83.55,7,砾砂,10.77,#BC8F8F,2.15
ZK099,296.72,168.45,-92.84,-117.11,8,卵石层,24.26,#A0522D,2.25
ZK099,296.72,168.45,-118.63,-154.43,9,强风化岩,35.8,#8B7355,2.4
ZK099,296.72,168.45,-153.02,-188.97,10,中风化岩,35.95,#696969,2.5
ZK099,296.72,168.45,-196.0,-227.94,11,微风化岩,31.95,#2F4F4F,2.65
ZK100,387.11,254.24,0.0,-6.32,1,填土,6.32,#8B4513,1.65
ZK100,387.11,254.24,-6.01,-17.85,2,粘土,11.84,#D2691E,1.85
ZK100,387.11,254.24,-19.72,-24.3,3,粉质粘土,4.58,#CD853F,1.75
ZK100,387.11,254.24,-29.88,-43.12,4,细砂,13.23,#F4A460,1.95
ZK100,387.11,254.24,-50.68,-64.01,5,中砂,13.32,#DEB887,2.05
ZK100,387.11,254.24,-66.88,-72.14,6,粗砂,5.26,#D2B48C,2.1
ZK100,387.11,254.24,-75.9,-93.72,7,砾砂,17.82,#BC8F8F,2.15
ZK100,387.11,254.24,-97.58,-121.37,8,卵石层,23.79,#A0522D,2.25
ZK100,387.11,254.24,-125.05,-154.92,9,强风化岩,29.87,#8B7355,2.4
ZK100,387.11,254.24,-159.57,-200.14,10,中风化岩,40.57,#696969,2.5
