borehole_id,borehole_name,x_coord,y_coord,stratum_id,soil_type,top_elevation,bottom_elevation,thickness,density,cohesion,friction_angle
BH001,ZK001,-138.76,-121.48,S1,fill,3.7,1.69,2.0100000000000002,1839.0,16.2,13.7
BH001,ZK001,-138.76,-121.48,S2,clay,1.69,-0.54,2.23,1842.0,40.7,13.0
BH001,ZK001,-138.76,-121.48,S3,silt,-0.54,-2.19,1.65,1890.0,30.5,30.3
BH001,ZK001,-138.76,-121.48,S4,sand,-2.19,-5.82,3.6300000000000003,1954.0,3.7,31.0
BH001,ZK001,-138.76,-121.48,S5,clay,-5.82,-10.78,4.959999999999999,1967.0,49.2,13.2
BH001,ZK001,-138.76,-121.48,S6,gravel,-10.78,-13.62,2.84,1999.0,11.8,37.7
BH001,ZK001,-138.76,-121.48,S7,sand,-13.62,-19.07,5.450000000000001,2076.0,1.0,35.6
BH001,ZK001,-138.76,-121.48,S8,rock,-19.07,-25.55,6.48,2405.0,762.2,50.6
BH002,ZK002,-128.04,-102.04,S1,fill,3.13,-0.57,3.6999999999999997,1784.0,13.6,23.1
BH002,ZK002,-128.04,-102.04,S2,clay,-0.57,-4.81,4.239999999999999,1952.0,39.5,15.3
BH002,ZK002,-128.04,-102.04,S3,silt,-4.81,-7.14,2.33,1864.0,32.1,20.4
BH002,ZK002,-128.04,-102.04,S4,sand,-7.14,-12.14,5.000000000000001,1983.0,1.4,36.1
BH002,ZK002,-128.04,-102.04,S5,clay,-12.14,-15.34,3.1999999999999993,1938.0,53.7,12.2
BH002,ZK002,-128.04,-102.04,S6,gravel,-15.34,-18.85,3.5100000000000016,2083.0,4.8,45.1
BH002,ZK002,-128.04,-102.04,S7,sand,-18.85,-24.07,5.219999999999999,2001.0,6.1,28.4
BH002,ZK002,-128.04,-102.04,S8,rock,-24.07,-26.87,2.8000000000000007,2293.0,525.8,52.6
BH003,ZK003,-145.32,-85.32,S1,fill,3.69,1.27,2.42,1758.0,13.6,24.1
BH003,ZK003,-145.32,-85.32,S2,clay,1.27,-1.79,3.06,1855.0,33.5,16.0
BH003,ZK003,-145.32,-85.32,S3,silt,-1.79,-3.82,2.03,1776.0,26.0,24.3
BH003,ZK003,-145.32,-85.32,S4,sand,-3.82,-8.98,5.16,1926.0,0.0,34.7
BH003,ZK003,-145.32,-85.32,S5,clay,-8.98,-12.58,3.5999999999999996,1978.0,43.3,16.6
BH003,ZK003,-145.32,-85.32,S6,gravel,-12.58,-16.65,4.0699999999999985,2141.0,1.1,35.3
BH003,ZK003,-145.32,-85.32,S7,sand,-16.65,-21.51,4.860000000000003,1944.0,7.6,31.4
BH003,ZK003,-145.32,-85.32,S8,rock,-21.51,-26.31,4.799999999999997,2534.0,639.4,53.5
BH004,ZK004,-148.26,-34.01,S1,fill,1.77,-1.59,3.3600000000000003,1773.0,11.9,22.3
BH004,ZK004,-148.26,-34.01,S2,clay,-1.59,-4.97,3.38,1947.0,31.5,17.1
BH004,ZK004,-148.26,-34.01,S3,silt,-4.97,-6.4,1.4300000000000006,1896.0,22.4,18.3
BH004,ZK004,-148.26,-34.01,S4,sand,-6.4,-11.12,4.719999999999999,1979.0,6.4,32.9
BH004,ZK004,-148.26,-34.01,S5,clay,-11.12,-15.44,4.32,1980.0,30.7,16.9
BH004,ZK004,-148.26,-34.01,S6,gravel,-15.44,-18.05,2.610000000000001,2015.0,0.0,43.1
BH004,ZK004,-148.26,-34.01,S7,sand,-18.05,-21.11,3.0599999999999987,2046.0,1.3,35.3
BH004,ZK004,-148.26,-34.01,S8,rock,-21.11,-28.23,7.120000000000001,2551.0,789.4,50.9
BH005,ZK005,-131.97,-8.76,S1,fill,1.32,-0.7,2.02,1865.0,9.3,19.3
BH005,ZK005,-131.97,-8.76,S2,clay,-0.7,-2.52,1.82,1872.0,32.5,14.3
BH005,ZK005,-131.97,-8.76,S3,silt,-2.52,-3.74,1.2200000000000002,1895.0,20.1,27.7
BH005,ZK005,-131.97,-8.76,S4,sand,-3.74,-6.51,2.7699999999999996,2012.0,12.6,37.5
BH005,ZK005,-131.97,-8.76,S5,clay,-6.51,-9.91,3.4000000000000004,1975.0,37.9,11.2
BH005,ZK005,-131.97,-8.76,S6,gravel,-9.91,-12.11,2.1999999999999993,2013.0,7.4,39.2
BH005,ZK005,-131.97,-8.76,S7,sand,-12.11,-15.22,3.110000000000001,2110.0,1.5,35.3
BH005,ZK005,-131.97,-8.76,S8,rock,-15.22,-23.52,8.299999999999999,2570.0,225.7,37.0
BH006,ZK006,-149.38,29.1,S1,fill,1.39,-1.93,3.32,1794.0,16.3,19.7
BH006,ZK006,-149.38,29.1,S2,clay,-1.93,-5.35,3.42,1945.0,43.0,10.2
BH006,ZK006,-149.38,29.1,S3,silt,-5.35,-7.7,2.3500000000000005,1830.0,23.4,25.4
BH006,ZK006,-149.38,29.1,S4,sand,-7.7,-12.1,4.3999999999999995,2001.0,11.4,40.0
BH006,ZK006,-149.38,29.1,S5,clay,-12.1,-16.63,4.529999999999999,1953.0,38.1,8.4
BH006,ZK006,-149.38,29.1,S6,gravel,-16.63,-18.83,2.1999999999999993,2016.0,1.7,36.8
BH006,ZK006,-149.38,29.1,S7,sand,-18.83,-23.47,4.640000000000001,2035.0,0.0,34.4
BH006,ZK006,-149.38,29.1,S8,rock,-23.47,-28.61,5.140000000000001,2591.0,491.7,46.3
BH007,ZK007,-125.03,36.37,S1,fill,0.93,-0.73,1.6600000000000001,1733.0,15.8,20.7
BH007,ZK007,-125.03,36.37,S2,clay,-0.73,-2.85,2.12,1852.0,26.1,9.7
BH007,ZK007,-125.03,36.37,S3,silt,-2.85,-4.41,1.56,1845.0,13.7,26.4
BH007,ZK007,-125.03,36.37,S4,sand,-4.41,-9.42,5.01,2050.0,2.9,29.7
BH007,ZK007,-125.03,36.37,S5,clay,-9.42,-12.46,3.040000000000001,1937.0,53.5,13.2
BH007,ZK007,-125.03,36.37,S6,gravel,-12.46,-14.31,1.8499999999999996,2099.0,14.1,43.7
BH007,ZK007,-125.03,36.37,S7,sand,-14.31,-17.93,3.619999999999999,1967.0,0.2,31.6
BH007,ZK007,-125.03,36.37,S8,rock,-17.93,-22.91,4.98,2556.0,560.6,50.3
BH008,ZK008,-144.55,65.5,S1,fill,0.63,-2.05,2.6799999999999997,1794.0,9.0,18.1
BH008,ZK008,-144.55,65.5,S2,clay,-2.05,-4.78,2.7300000000000004,1987.0,38.2,9.4
BH008,ZK008,-144.55,65.5,S3,silt,-4.78,-6.07,1.29,1829.0,16.0,27.5
BH008,ZK008,-144.55,65.5,S4,sand,-6.07,-9.42,3.3499999999999996,1959.0,8.0,38.2
BH008,ZK008,-144.55,65.5,S5,clay,-9.42,-12.36,2.9399999999999995,1933.0,59.5,14.2
BH008,ZK008,-144.55,65.5,S6,gravel,-12.36,-15.02,2.66,2075.0,8.4,35.6
BH008,ZK008,-144.55,65.5,S7,sand,-15.02,-18.62,3.6000000000000014,2024.0,1.4,33.1
BH008,ZK008,-144.55,65.5,S8,rock,-18.62,-23.96,5.34,2588.0,395.9,49.9
BH009,ZK009,-140.87,105.74,S1,fill,1.74,-0.91,2.65,1791.0,13.3,23.1
BH009,ZK009,-140.87,105.74,S2,clay,-0.91,-5.11,4.2,1891.0,27.4,16.1
BH009,ZK009,-140.87,105.74,S3,silt,-5.11,-6.52,1.4099999999999993,1808.0,19.2,30.3
BH009,ZK009,-140.87,105.74,S4,sand,-6.52,-10.94,4.42,1991.0,0.9,32.4
BH009,ZK009,-140.87,105.74,S5,clay,-10.94,-15.68,4.74,1943.0,39.5,14.6
BH009,ZK009,-140.87,105.74,S6,gravel,-15.68,-19.81,4.129999999999999,2064.0,5.2,45.1
BH009,ZK009,-140.87,105.74,S7,sand,-19.81,-24.41,4.600000000000001,2022.0,5.8,36.2
BH009,ZK009,-140.87,105.74,S8,rock,-24.41,-28.26,3.8500000000000014,2507.0,221.1,50.6
BH010,ZK010,-137.04,128.74,S1,fill,1.75,-0.17,1.92,1818.0,10.7,20.5
BH010,ZK010,-137.04,128.74,S2,clay,-0.17,-4.02,3.8499999999999996,1896.0,40.0,10.9
BH010,ZK010,-137.04,128.74,S3,silt,-4.02,-5.44,1.4200000000000008,1904.0,26.5,22.6
BH010,ZK010,-137.04,128.74,S4,sand,-5.44,-10.48,5.04,1969.0,0.5,38.2
BH010,ZK010,-137.04,128.74,S5,clay,-10.48,-15.22,4.74,2030.0,55.3,14.7
BH010,ZK010,-137.04,128.74,S6,gravel,-15.22,-19.54,4.3199999999999985,2129.0,6.9,38.3
BH010,ZK010,-137.04,128.74,S7,sand,-19.54,-24.21,4.670000000000002,1990.0,0.0,35.0
BH010,ZK010,-137.04,128.74,S8,rock,-24.21,-28.25,4.039999999999999,2340.0,641.7,43.8
BH011,ZK011,-101.64,-145.82,S1,fill,4.81,1.73,3.0799999999999996,1757.0,24.5,20.9
BH011,ZK011,-101.64,-145.82,S2,clay,1.73,-0.77,2.5,1911.0,26.1,22.8
BH011,ZK011,-101.64,-145.82,S3,silt,-0.77,-2.13,1.3599999999999999,1876.0,17.5,25.9
BH011,ZK011,-101.64,-145.82,S4,sand,-2.13,-5.97,3.84,1966.0,10.2,23.4
BH011,ZK011,-101.64,-145.82,S5,clay,-5.97,-10.3,4.330000000000001,1978.0,30.4,10.3
BH011,ZK011,-101.64,-145.82,S6,gravel,-10.3,-14.36,4.059999999999999,2080.0,4.2,38.0
BH011,ZK011,-101.64,-145.82,S7,sand,-14.36,-18.12,3.7600000000000016,1943.0,2.7,33.2
BH011,ZK011,-101.64,-145.82,S8,rock,-18.12,-24.91,6.789999999999999,2290.0,636.8,50.7
BH012,ZK012,-111.24,-109.01,S1,fill,4.22,1.68,2.54,1841.0,4.4,17.7
BH012,ZK012,-111.24,-109.01,S2,clay,1.68,-2.74,4.42,1880.0,26.8,13.0
BH012,ZK012,-111.24,-109.01,S3,silt,-2.74,-5.1,2.3599999999999994,1845.0,25.8,21.3
BH012,ZK012,-111.24,-109.01,S4,sand,-5.1,-11.93,6.83,1981.0,7.9,35.9
BH012,ZK012,-111.24,-109.01,S5,clay,-11.93,-15.79,3.8599999999999994,1958.0,48.5,12.6
BH012,ZK012,-111.24,-109.01,S6,gravel,-15.79,-18.64,2.8500000000000014,2048.0,0.9,42.2
BH012,ZK012,-111.24,-109.01,S7,sand,-18.64,-22.96,4.32,2038.0,8.2,41.6
BH012,ZK012,-111.24,-109.01,S8,rock,-22.96,-25.78,2.8200000000000003,2586.0,449.4,45.8
BH013,ZK013,-106.32,-66.44,S1,fill,3.02,1.31,1.71,1776.0,8.2,16.2
BH013,ZK013,-106.32,-66.44,S2,clay,1.31,-2.2,3.5100000000000002,1890.0,39.7,11.0
BH013,ZK013,-106.32,-66.44,S3,silt,-2.2,-3.27,1.0699999999999998,1840.0,34.6,18.3
BH013,ZK013,-106.32,-66.44,S4,sand,-3.27,-7.37,4.1,2015.0,6.4,27.5
BH013,ZK013,-106.32,-66.44,S5,clay,-7.37,-10.56,3.1900000000000004,2018.0,55.8,13.8
BH013,ZK013,-106.32,-66.44,S6,gravel,-10.56,-13.34,2.7799999999999994,2012.0,15.6,36.7
BH013,ZK013,-106.32,-66.44,S7,sand,-13.34,-18.2,4.859999999999999,2033.0,9.0,37.5
BH013,ZK013,-106.32,-66.44,S8,rock,-18.2,-24.59,6.390000000000001,2404.0,333.3,55.4
BH014,ZK014,-114.01,-44.57,S1,fill,1.62,-1.38,3.0,1704.0,18.4,18.0
BH014,ZK014,-114.01,-44.57,S2,clay,-1.38,-3.75,2.37,1933.0,24.6,13.3
BH014,ZK014,-114.01,-44.57,S3,silt,-3.75,-4.75,1.0,1866.0,20.5,28.1
BH014,ZK014,-114.01,-44.57,S4,sand,-4.75,-8.31,3.5600000000000005,1998.0,9.1,36.3
BH014,ZK014,-114.01,-44.57,S5,clay,-8.31,-12.67,4.359999999999999,1970.0,64.2,18.1
BH014,ZK014,-114.01,-44.57,S6,gravel,-12.67,-16.04,3.369999999999999,2140.0,16.3,38.1
BH014,ZK014,-114.01,-44.57,S7,sand,-16.04,-19.17,3.1300000000000026,1946.0,0.5,32.8
BH014,ZK014,-114.01,-44.57,S8,rock,-19.17,-25.4,6.229999999999997,2477.0,333.9,53.8
BH015,ZK015,-102.23,-28.61,S1,fill,1.85,-0.33,2.18,1739.0,20.4,18.3
BH015,ZK015,-102.23,-28.61,S2,clay,-0.33,-2.9,2.57,1889.0,29.1,8.5
BH015,ZK015,-102.23,-28.61,S3,silt,-2.9,-3.77,0.8700000000000001,1921.0,36.9,26.1
BH015,ZK015,-102.23,-28.61,S4,sand,-3.77,-7.83,4.0600000000000005,1927.0,3.6,33.3
BH015,ZK015,-102.23,-28.61,S5,clay,-7.83,-10.01,2.1799999999999997,2024.0,38.8,12.0
BH015,ZK015,-102.23,-28.61,S6,gravel,-10.01,-12.65,2.6400000000000006,2055.0,0.0,39.0
BH015,ZK015,-102.23,-28.61,S7,sand,-12.65,-15.18,2.5299999999999994,2019.0,5.4,33.1
BH015,ZK015,-102.23,-28.61,S8,rock,-15.18,-21.09,5.91,2451.0,700.3,46.4
BH016,ZK016,-101.77,5.12,S1,fill,1.07,-1.2,2.27,1815.0,19.7,25.8
BH016,ZK016,-101.77,5.12,S2,clay,-1.2,-3.57,2.37,1949.0,28.5,17.1
BH016,ZK016,-101.77,5.12,S3,silt,-3.57,-4.68,1.1099999999999999,1875.0,22.1,26.6
BH016,ZK016,-101.77,5.12,S4,sand,-4.68,-8.27,3.59,1940.0,5.4,33.8
BH016,ZK016,-101.77,5.12,S5,clay,-8.27,-11.5,3.2300000000000004,1966.0,59.4,12.5
BH016,ZK016,-101.77,5.12,S6,gravel,-11.5,-13.41,1.9100000000000001,2110.0,4.6,37.8
BH016,ZK016,-101.77,5.12,S7,sand,-13.41,-15.68,2.2699999999999996,2070.0,8.9,42.8
BH016,ZK016,-101.77,5.12,S8,rock,-15.68,-21.86,6.18,2377.0,359.8,50.6
BH017,ZK017,-118.05,58.47,S1,fill,0.96,-1.86,2.8200000000000003,1723.0,5.1,23.5
BH017,ZK017,-118.05,58.47,S2,clay,-1.86,-5.67,3.8099999999999996,1902.0,32.6,14.4
BH017,ZK017,-118.05,58.47,S3,silt,-5.67,-8.09,2.42,1827.0,29.1,23.2
BH017,ZK017,-118.05,58.47,S4,sand,-8.09,-13.55,5.460000000000001,1978.0,11.1,31.0
BH017,ZK017,-118.05,58.47,S5,clay,-13.55,-17.86,4.309999999999999,1972.0,34.5,11.7
BH017,ZK017,-118.05,58.47,S6,gravel,-17.86,-21.37,3.5100000000000016,2059.0,7.2,36.2
BH017,ZK017,-118.05,58.47,S7,sand,-21.37,-24.42,3.0500000000000007,2009.0,0.8,34.2
BH017,ZK017,-118.05,58.47,S8,rock,-24.42,-29.04,4.619999999999997,2197.0,437.8,48.8
BH018,ZK018,-91.03,84.25,S1,fill,1.18,-2.33,3.51,1706.0,10.3,19.1
BH018,ZK018,-91.03,84.25,S2,clay,-2.33,-5.91,3.58,1869.0,32.4,11.8
BH018,ZK018,-91.03,84.25,S3,silt,-5.91,-7.12,1.21,1844.0,24.9,18.2
BH018,ZK018,-91.03,84.25,S4,sand,-7.12,-11.14,4.0200000000000005,1927.0,6.5,33.8
BH018,ZK018,-91.03,84.25,S5,clay,-11.14,-16.05,4.91,2008.0,49.8,20.7
BH018,ZK018,-91.03,84.25,S6,gravel,-16.05,-19.38,3.3299999999999983,2100.0,5.9,41.3
BH018,ZK018,-91.03,84.25,S7,sand,-19.38,-24.83,5.449999999999999,1993.0,6.1,33.3
BH018,ZK018,-91.03,84.25,S8,rock,-24.83,-28.82,3.990000000000002,2531.0,337.2,55.2
BH019,ZK019,-110.86,92.93,S1,fill,1.29,-0.62,1.9100000000000001,1684.0,12.3,20.9
BH019,ZK019,-110.86,92.93,S2,clay,-0.62,-4.68,4.06,1897.0,36.8,15.1
BH019,ZK019,-110.86,92.93,S3,silt,-4.68,-6.69,2.0100000000000007,1878.0,35.0,19.1
BH019,ZK019,-110.86,92.93,S4,sand,-6.69,-13.36,6.669999999999999,1919.0,7.4,35.3
BH019,ZK019,-110.86,92.93,S5,clay,-13.36,-16.8,3.4400000000000013,1929.0,59.1,14.2
BH019,ZK019,-110.86,92.93,S6,gravel,-16.8,-19.7,2.8999999999999986,2154.0,1.5,39.4
BH019,ZK019,-110.86,92.93,S7,sand,-19.7,-25.45,5.75,1966.0,3.9,33.9
BH019,ZK019,-110.86,92.93,S8,rock,-25.45,-28.71,3.2600000000000016,2383.0,337.8,43.1
BH020,ZK020,-99.47,133.2,S1,fill,1.47,-1.53,3.0,1730.0,14.4,21.4
BH020,ZK020,-99.47,133.2,S2,clay,-1.53,-6.21,4.68,1972.0,38.9,16.3
BH020,ZK020,-99.47,133.2,S3,silt,-6.21,-7.99,1.7800000000000002,1820.0,25.4,27.5
BH020,ZK020,-99.47,133.2,S4,sand,-7.99,-11.96,3.9700000000000006,1882.0,12.6,38.3
BH020,ZK020,-99.47,133.2,S5,clay,-11.96,-16.57,4.609999999999999,1974.0,41.5,17.9
BH020,ZK020,-99.47,133.2,S6,gravel,-16.57,-21.57,5.0,1993.0,9.5,39.9
BH020,ZK020,-99.47,133.2,S7,sand,-21.57,-27.14,5.57,2124.0,7.4,37.2
BH020,ZK020,-99.47,133.2,S8,rock,-27.14,-28.53,1.3900000000000006,2593.0,615.6,47.9
BH021,ZK021,-86.34,-135.14,S1,fill,5.32,3.11,2.2100000000000004,1776.0,19.8,16.1
BH021,ZK021,-86.34,-135.14,S2,clay,3.11,-1.71,4.82,1923.0,42.1,17.8
BH021,ZK021,-86.34,-135.14,S3,silt,-1.71,-4.56,2.8499999999999996,1852.0,30.5,22.6
BH021,ZK021,-86.34,-135.14,S4,sand,-4.56,-10.53,5.97,1933.0,0.7,29.7
BH021,ZK021,-86.34,-135.14,S5,clay,-10.53,-14.51,3.9800000000000004,1894.0,41.7,12.8
BH021,ZK021,-86.34,-135.14,S6,gravel,-14.51,-18.68,4.17,2020.0,12.6,40.9
BH021,ZK021,-86.34,-135.14,S7,sand,-18.68,-24.04,5.359999999999999,1997.0,6.6,39.4
BH021,ZK021,-86.34,-135.14,S8,rock,-24.04,-24.68,0.6400000000000006,2222.0,318.3,40.3
BH022,ZK022,-88.97,-92.72,S1,fill,3.63,1.69,1.94,1806.0,11.9,14.0
BH022,ZK022,-88.97,-92.72,S2,clay,1.69,-2.63,4.32,1882.0,29.8,16.0
BH022,ZK022,-88.97,-92.72,S3,silt,-2.63,-4.58,1.9500000000000002,1814.0,14.6,23.6
BH022,ZK022,-88.97,-92.72,S4,sand,-4.58,-10.22,5.640000000000001,1945.0,10.3,35.6
BH022,ZK022,-88.97,-92.72,S5,clay,-10.22,-13.35,3.129999999999999,1964.0,58.7,14.6
BH022,ZK022,-88.97,-92.72,S6,gravel,-13.35,-17.21,3.860000000000001,2048.0,8.9,42.6
BH022,ZK022,-88.97,-92.72,S7,sand,-17.21,-22.68,5.469999999999999,1978.0,7.4,32.6
BH022,ZK022,-88.97,-92.72,S8,rock,-22.68,-26.37,3.6900000000000013,2310.0,641.6,52.7
BH023,ZK023,-82.24,-70.12,S1,fill,3.11,0.25,2.86,1779.0,10.5,24.1
BH023,ZK023,-82.24,-70.12,S2,clay,0.25,-3.94,4.1899999999999995,1897.0,40.7,13.2
BH023,ZK023,-82.24,-70.12,S3,silt,-3.94,-5.43,1.4899999999999998,1841.0,15.0,24.9
BH023,ZK023,-82.24,-70.12,S4,sand,-5.43,-9.31,3.880000000000001,1958.0,0.0,33.9
BH023,ZK023,-82.24,-70.12,S5,clay,-9.31,-13.35,4.039999999999999,1949.0,45.0,17.5
BH023,ZK023,-82.24,-70.12,S6,gravel,-13.35,-16.44,3.0900000000000016,2020.0,5.7,44.9
BH023,ZK023,-82.24,-70.12,S7,sand,-16.44,-19.8,3.3599999999999994,1989.0,9.3,34.7
BH023,ZK023,-82.24,-70.12,S8,rock,-19.8,-26.89,7.09,2318.0,440.0,46.9
BH024,ZK024,-80.65,-44.4,S1,fill,2.62,1.17,1.4500000000000002,1827.0,12.4,21.7
BH024,ZK024,-80.65,-44.4,S2,clay,1.17,-0.72,1.89,1917.0,35.5,6.7
BH024,ZK024,-80.65,-44.4,S3,silt,-0.72,-2.36,1.64,1853.0,33.1,24.8
BH024,ZK024,-80.65,-44.4,S4,sand,-2.36,-7.22,4.859999999999999,2015.0,7.4,29.5
BH024,ZK024,-80.65,-44.4,S5,clay,-7.22,-9.76,2.54,1991.0,41.8,19.7
BH024,ZK024,-80.65,-44.4,S6,gravel,-9.76,-12.55,2.790000000000001,2131.0,0.0,39.4
BH024,ZK024,-80.65,-44.4,S7,sand,-12.55,-15.79,3.2399999999999984,1961.0,1.8,31.2
BH024,ZK024,-80.65,-44.4,S8,rock,-15.79,-21.47,5.68,2412.0,460.1,42.8
BH025,ZK025,-73.6,-24.45,S1,fill,2.71,1.35,1.3599999999999999,1734.0,17.8,18.9
BH025,ZK025,-73.6,-24.45,S2,clay,1.35,-1.65,3.0,1862.0,27.6,8.4
BH025,ZK025,-73.6,-24.45,S3,silt,-1.65,-2.98,1.33,1903.0,34.1,21.2
BH025,ZK025,-73.6,-24.45,S4,sand,-2.98,-6.44,3.4600000000000004,1937.0,0.6,34.5
BH025,ZK025,-73.6,-24.45,S5,clay,-6.44,-9.9,3.46,1937.0,51.3,4.9
BH025,ZK025,-73.6,-24.45,S6,gravel,-9.9,-11.44,1.5399999999999991,2009.0,12.0,36.3
BH025,ZK025,-73.6,-24.45,S7,sand,-11.44,-13.87,2.4299999999999997,2044.0,3.6,36.6
BH025,ZK025,-73.6,-24.45,S8,rock,-13.87,-18.21,4.340000000000002,2302.0,637.6,50.1
BH026,ZK026,-60.91,23.25,S1,fill,1.49,-1.02,2.51,1831.0,22.9,19.5
BH026,ZK026,-60.91,23.25,S2,clay,-1.02,-2.61,1.5899999999999999,1930.0,38.8,15.0
BH026,ZK026,-60.91,23.25,S3,silt,-2.61,-4.1,1.4899999999999998,1871.0,14.3,27.2
BH026,ZK026,-60.91,23.25,S4,sand,-4.1,-6.49,2.3900000000000006,1915.0,3.1,26.8
BH026,ZK026,-60.91,23.25,S5,clay,-6.49,-9.07,2.58,2001.0,52.0,13.8
BH026,ZK026,-60.91,23.25,S6,gravel,-9.07,-11.56,2.49,2042.0,7.1,37.3
BH026,ZK026,-60.91,23.25,S7,sand,-11.56,-14.83,3.2699999999999996,2017.0,3.1,39.8
BH026,ZK026,-60.91,23.25,S8,rock,-14.83,-20.88,6.049999999999999,2505.0,686.0,48.2
BH027,ZK027,-61.82,56.84,S1,fill,0.94,-1.33,2.27,1753.0,18.7,16.9
BH027,ZK027,-61.82,56.84,S2,clay,-1.33,-4.95,3.62,1911.0,33.0,15.7
BH027,ZK027,-61.82,56.84,S3,silt,-4.95,-7.12,2.17,1905.0,31.1,22.0
BH027,ZK027,-61.82,56.84,S4,sand,-7.12,-12.82,5.7,2049.0,0.0,28.6
BH027,ZK027,-61.82,56.84,S5,clay,-12.82,-16.42,3.6000000000000014,1996.0,52.7,20.6
BH027,ZK027,-61.82,56.84,S6,gravel,-16.42,-18.91,2.4899999999999984,2111.0,12.4,43.5
BH027,ZK027,-61.82,56.84,S7,sand,-18.91,-21.8,2.8900000000000006,1963.0,5.2,38.2
BH027,ZK027,-61.82,56.84,S8,rock,-21.8,-29.06,7.259999999999998,2258.0,534.4,53.4
BH028,ZK028,-72.06,87.66,S1,fill,1.0,-2.06,3.06,1685.0,19.1,15.1
BH028,ZK028,-72.06,87.66,S2,clay,-2.06,-5.18,3.1199999999999997,1873.0,37.8,16.0
BH028,ZK028,-72.06,87.66,S3,silt,-5.18,-7.91,2.7300000000000004,1829.0,26.6,21.0
BH028,ZK028,-72.06,87.66,S4,sand,-7.91,-13.69,5.779999999999999,1961.0,12.0,36.0
BH028,ZK028,-72.06,87.66,S5,clay,-13.69,-18.6,4.910000000000002,1964.0,38.1,17.9
BH028,ZK028,-72.06,87.66,S6,gravel,-18.6,-22.79,4.189999999999998,2097.0,8.4,39.8
BH028,ZK028,-72.06,87.66,S7,sand,-22.79,-27.08,4.289999999999999,2045.0,2.6,30.2
BH028,ZK028,-72.06,87.66,S8,rock,-27.08,-29.0,1.9200000000000017,2551.0,269.9,48.3
BH029,ZK029,-87.35,95.88,S1,fill,1.89,-0.38,2.27,1785.0,12.4,11.7
BH029,ZK029,-87.35,95.88,S2,clay,-0.38,-3.54,3.16,1954.0,29.9,10.0
BH029,ZK029,-87.35,95.88,S3,silt,-3.54,-5.0,1.46,1751.0,34.5,22.1
BH029,ZK029,-87.35,95.88,S4,sand,-5.0,-11.45,6.449999999999999,1939.0,9.8,29.2
BH029,ZK029,-87.35,95.88,S5,clay,-11.45,-15.29,3.84,1921.0,59.9,10.9
BH029,ZK029,-87.35,95.88,S6,gravel,-15.29,-18.82,3.530000000000001,2068.0,3.6,41.3
BH029,ZK029,-87.35,95.88,S7,sand,-18.82,-22.53,3.710000000000001,2044.0,3.0,34.5
BH029,ZK029,-87.35,95.88,S8,rock,-22.53,-28.11,5.579999999999998,2598.0,349.8,50.7
BH030,ZK030,-88.64,129.76,S1,fill,1.58,-1.93,3.51,1738.0,6.9,16.9
BH030,ZK030,-88.64,129.76,S2,clay,-1.93,-5.86,3.9300000000000006,1884.0,47.0,14.5
BH030,ZK030,-88.64,129.76,S3,silt,-5.86,-8.21,2.3500000000000005,1817.0,26.9,18.1
BH030,ZK030,-88.64,129.76,S4,sand,-8.21,-14.61,6.399999999999999,1962.0,0.1,35.9
BH030,ZK030,-88.64,129.76,S5,clay,-14.61,-18.01,3.400000000000002,1969.0,33.2,12.8
BH030,ZK030,-88.64,129.76,S6,gravel,-18.01,-21.12,3.1099999999999994,2164.0,12.3,40.6
BH030,ZK030,-88.64,129.76,S7,sand,-21.12,-27.55,6.43,2083.0,0.0,30.3
BH030,ZK030,-88.64,129.76,S8,rock,-27.55,-28.42,0.870000000000001,2527.0,693.6,42.8
BH031,ZK031,-48.34,-141.86,S1,fill,4.64,1.38,3.26,1782.0,17.8,20.7
BH031,ZK031,-48.34,-141.86,S2,clay,1.38,-1.46,2.84,1913.0,43.6,9.3
BH031,ZK031,-48.34,-141.86,S3,silt,-1.46,-3.5,2.04,1870.0,16.7,29.6
BH031,ZK031,-48.34,-141.86,S4,sand,-3.5,-10.74,7.24,1941.0,11.1,34.3
BH031,ZK031,-48.34,-141.86,S5,clay,-10.74,-14.31,3.5700000000000003,1921.0,48.5,15.9
BH031,ZK031,-48.34,-141.86,S6,gravel,-14.31,-16.95,2.639999999999999,2113.0,6.8,41.6
BH031,ZK031,-48.34,-141.86,S7,sand,-16.95,-21.79,4.84,2096.0,7.6,33.5
BH031,ZK031,-48.34,-141.86,S8,rock,-21.79,-25.36,3.5700000000000003,2265.0,626.1,51.6
BH032,ZK032,-35.14,-109.3,S1,fill,3.27,0.44,2.83,1832.0,14.5,22.0
BH032,ZK032,-35.14,-109.3,S2,clay,0.44,-3.41,3.85,1862.0,40.5,11.7
BH032,ZK032,-35.14,-109.3,S3,silt,-3.41,-4.9,1.4900000000000002,1903.0,15.5,26.6
BH032,ZK032,-35.14,-109.3,S4,sand,-4.9,-9.51,4.609999999999999,1971.0,1.9,31.4
BH032,ZK032,-35.14,-109.3,S5,clay,-9.51,-15.02,5.51,1985.0,52.9,18.0
BH032,ZK032,-35.14,-109.3,S6,gravel,-15.02,-17.64,2.620000000000001,2105.0,0.4,45.3
BH032,ZK032,-35.14,-109.3,S7,sand,-17.64,-23.47,5.829999999999998,1973.0,4.0,31.8
BH032,ZK032,-35.14,-109.3,S8,rock,-23.47,-26.73,3.2600000000000016,2556.0,649.6,54.2
BH033,ZK033,-51.57,-73.72,S1,fill,3.02,-0.45,3.47,1733.0,15.8,19.7
BH033,ZK033,-51.57,-73.72,S2,clay,-0.45,-2.62,2.17,1876.0,29.3,15.9
BH033,ZK033,-51.57,-73.72,S3,silt,-2.62,-5.12,2.5,1853.0,16.8,22.7
BH033,ZK033,-51.57,-73.72,S4,sand,-5.12,-8.53,3.4099999999999993,2044.0,7.5,29.5
BH033,ZK033,-51.57,-73.72,S5,clay,-8.53,-12.58,4.050000000000001,1963.0,41.0,17.1
BH033,ZK033,-51.57,-73.72,S6,gravel,-12.58,-16.63,4.049999999999999,2099.0,11.3,41.5
BH033,ZK033,-51.57,-73.72,S7,sand,-16.63,-20.06,3.4299999999999997,1976.0,4.3,37.6
BH033,ZK033,-51.57,-73.72,S8,rock,-20.06,-26.98,6.920000000000002,2388.0,576.5,39.8
BH034,ZK034,-55.77,-35.93,S1,fill,2.5,1.02,1.48,1713.0,19.4,15.3
BH034,ZK034,-55.77,-35.93,S2,clay,1.02,-0.99,2.01,1917.0,24.2,6.6
BH034,ZK034,-55.77,-35.93,S3,silt,-0.99,-2.83,1.84,1854.0,27.3,21.4
BH034,ZK034,-55.77,-35.93,S4,sand,-2.83,-5.61,2.7800000000000002,1937.0,10.8,36.6
BH034,ZK034,-55.77,-35.93,S5,clay,-5.61,-9.75,4.14,1877.0,33.5,14.5
BH034,ZK034,-55.77,-35.93,S6,gravel,-9.75,-12.43,2.6799999999999997,2057.0,10.9,44.8
BH034,ZK034,-55.77,-35.93,S7,sand,-12.43,-15.35,2.92,1954.0,2.2,32.6
BH034,ZK034,-55.77,-35.93,S8,rock,-15.35,-20.02,4.67,2353.0,650.0,39.8
BH035,ZK035,-57.76,-0.39,S1,fill,1.98,-0.09,2.07,1763.0,17.2,15.6
BH035,ZK035,-57.76,-0.39,S2,clay,-0.09,-2.43,2.3400000000000003,1914.0,43.4,9.1
BH035,ZK035,-57.76,-0.39,S3,silt,-2.43,-3.48,1.0499999999999998,1844.0,27.0,16.4
BH035,ZK035,-57.76,-0.39,S4,sand,-3.48,-6.4,2.9200000000000004,1996.0,11.8,34.1
BH035,ZK035,-57.76,-0.39,S5,clay,-6.4,-8.77,2.369999999999999,1997.0,44.3,18.5
BH035,ZK035,-57.76,-0.39,S6,gravel,-8.77,-11.55,2.780000000000001,2091.0,0.0,42.9
BH035,ZK035,-57.76,-0.39,S7,sand,-11.55,-14.27,2.719999999999999,1998.0,2.5,33.0
BH035,ZK035,-57.76,-0.39,S8,rock,-14.27,-18.46,4.190000000000001,2199.0,586.9,46.2
BH036,ZK036,-36.83,5.96,S1,fill,1.9,-0.38,2.28,1790.0,13.2,15.6
BH036,ZK036,-36.83,5.96,S2,clay,-0.38,-2.76,2.38,1861.0,36.3,17.4
BH036,ZK036,-36.83,5.96,S3,silt,-2.76,-3.6,0.8400000000000003,1834.0,23.0,19.4
BH036,ZK036,-36.83,5.96,S4,sand,-3.6,-6.28,2.68,2037.0,6.7,37.6
BH036,ZK036,-36.83,5.96,S5,clay,-6.28,-10.25,3.9699999999999998,1897.0,55.5,11.5
BH036,ZK036,-36.83,5.96,S6,gravel,-10.25,-12.74,2.49,2084.0,6.0,42.3
BH036,ZK036,-36.83,5.96,S7,sand,-12.74,-15.56,2.8200000000000003,1940.0,2.7,31.3
BH036,ZK036,-36.83,5.96,S8,rock,-15.56,-21.34,5.779999999999999,2455.0,496.6,49.9
BH037,ZK037,-59.83,54.46,S1,fill,0.92,-1.24,2.16,1716.0,14.5,21.4
BH037,ZK037,-59.83,54.46,S2,clay,-1.24,-4.13,2.8899999999999997,1942.0,27.2,17.1
BH037,ZK037,-59.83,54.46,S3,silt,-4.13,-6.41,2.2800000000000002,1807.0,27.6,27.7
BH037,ZK037,-59.83,54.46,S4,sand,-6.41,-10.9,4.49,1944.0,7.0,25.8
BH037,ZK037,-59.83,54.46,S5,clay,-10.9,-14.61,3.709999999999999,2049.0,61.0,15.4
BH037,ZK037,-59.83,54.46,S6,gravel,-14.61,-17.58,2.969999999999999,2140.0,6.4,37.3
BH037,ZK037,-59.83,54.46,S7,sand,-17.58,-21.58,4.0,2030.0,3.5,36.7
BH037,ZK037,-59.83,54.46,S8,rock,-21.58,-29.08,7.5,2241.0,382.2,47.3
BH038,ZK038,-38.79,81.87,S1,fill,2.1,-0.19,2.29,1689.0,18.2,24.9
BH038,ZK038,-38.79,81.87,S2,clay,-0.19,-3.83,3.64,1942.0,46.1,12.4
BH038,ZK038,-38.79,81.87,S3,silt,-3.83,-5.05,1.2199999999999998,1825.0,22.2,14.9
BH038,ZK038,-38.79,81.87,S4,sand,-5.05,-8.59,3.54,1979.0,3.1,33.5
BH038,ZK038,-38.79,81.87,S5,clay,-8.59,-11.97,3.380000000000001,1945.0,53.5,18.8
BH038,ZK038,-38.79,81.87,S6,gravel,-11.97,-14.66,2.6899999999999995,2056.0,18.8,38.4
BH038,ZK038,-38.79,81.87,S7,sand,-14.66,-18.22,3.5599999999999987,2119.0,7.7,34.9
BH038,ZK038,-38.79,81.87,S8,rock,-18.22,-25.03,6.810000000000002,2476.0,696.7,57.6
BH039,ZK039,-36.86,92.22,S1,fill,2.13,-0.19,2.32,1764.0,9.8,16.6
BH039,ZK039,-36.86,92.22,S2,clay,-0.19,-4.16,3.97,1875.0,25.5,14.8
BH039,ZK039,-36.86,92.22,S3,silt,-4.16,-5.84,1.6799999999999997,1793.0,20.8,22.5
BH039,ZK039,-36.86,92.22,S4,sand,-5.84,-11.93,6.09,2042.0,4.0,37.6
BH039,ZK039,-36.86,92.22,S5,clay,-11.93,-16.17,4.240000000000002,1927.0,51.9,19.5
BH039,ZK039,-36.86,92.22,S6,gravel,-16.17,-20.63,4.459999999999997,2102.0,13.3,43.3
BH039,ZK039,-36.86,92.22,S7,sand,-20.63,-24.15,3.5199999999999996,2028.0,3.3,30.4
BH039,ZK039,-36.86,92.22,S8,rock,-24.15,-27.87,3.7200000000000024,2338.0,426.2,41.4
BH040,ZK040,-49.25,123.48,S1,fill,2.02,-0.39,2.41,1812.0,10.5,20.7
BH040,ZK040,-49.25,123.48,S2,clay,-0.39,-3.23,2.84,1932.0,39.9,14.4
BH040,ZK040,-49.25,123.48,S3,silt,-3.23,-5.81,2.5799999999999996,1809.0,32.3,21.0
BH040,ZK040,-49.25,123.48,S4,sand,-5.81,-10.56,4.750000000000001,2005.0,0.0,29.8
BH040,ZK040,-49.25,123.48,S5,clay,-10.56,-15.23,4.67,1940.0,45.1,16.0
BH040,ZK040,-49.25,123.48,S6,gravel,-15.23,-19.42,4.190000000000001,2058.0,12.9,42.8
BH040,ZK040,-49.25,123.48,S7,sand,-19.42,-23.48,4.059999999999999,1945.0,4.4,38.3
BH040,ZK040,-49.25,123.48,S8,rock,-23.48,-27.98,4.5,2380.0,201.3,44.6
BH041,ZK041,-4.11,-131.3,S1,fill,3.18,0.04,3.14,1774.0,12.5,14.7
BH041,ZK041,-4.11,-131.3,S2,clay,0.04,-3.54,3.58,1898.0,27.1,15.1
BH041,ZK041,-4.11,-131.3,S3,silt,-3.54,-4.86,1.3200000000000003,1802.0,24.1,26.3
BH041,ZK041,-4.11,-131.3,S4,sand,-4.86,-10.43,5.569999999999999,1979.0,0.1,34.3
BH041,ZK041,-4.11,-131.3,S5,clay,-10.43,-14.19,3.76,1998.0,48.7,14.8
BH041,ZK041,-4.11,-131.3,S6,gravel,-14.19,-16.52,2.33,2184.0,8.0,37.0
BH041,ZK041,-4.11,-131.3,S7,sand,-16.52,-21.24,4.719999999999999,2012.0,0.1,33.8
BH041,ZK041,-4.11,-131.3,S8,rock,-21.24,-26.62,5.380000000000003,2529.0,790.5,48.7
BH042,ZK042,-20.07,-118.09,S1,fill,3.62,0.98,2.64,1798.0,8.9,19.9
BH042,ZK042,-20.07,-118.09,S2,clay,0.98,-2.32,3.3,1932.0,28.3,15.4
BH042,ZK042,-20.07,-118.09,S3,silt,-2.32,-4.38,2.06,1852.0,26.8,19.9
BH042,ZK042,-20.07,-118.09,S4,sand,-4.38,-10.16,5.78,1905.0,10.6,27.8
BH042,ZK042,-20.07,-118.09,S5,clay,-10.16,-13.28,3.119999999999999,1916.0,45.9,22.0
BH042,ZK042,-20.07,-118.09,S6,gravel,-13.28,-17.56,4.279999999999999,2131.0,6.6,40.2
BH042,ZK042,-20.07,-118.09,S7,sand,-17.56,-22.16,4.600000000000001,2004.0,2.4,31.6
BH042,ZK042,-20.07,-118.09,S8,rock,-22.16,-26.38,4.219999999999999,2446.0,466.8,48.9
BH043,ZK043,-20.67,-80.24,S1,fill,2.81,-0.64,3.45,1815.0,18.3,22.2
BH043,ZK043,-20.67,-80.24,S2,clay,-0.64,-3.79,3.15,1888.0,38.5,4.7
BH043,ZK043,-20.67,-80.24,S3,silt,-3.79,-6.12,2.33,1888.0,23.7,27.3
BH043,ZK043,-20.67,-80.24,S4,sand,-6.12,-9.75,3.63,2021.0,5.1,31.5
BH043,ZK043,-20.67,-80.24,S5,clay,-9.75,-12.38,2.630000000000001,1932.0,42.4,8.4
BH043,ZK043,-20.67,-80.24,S6,gravel,-12.38,-14.96,2.58,2014.0,7.5,46.0
BH043,ZK043,-20.67,-80.24,S7,sand,-14.96,-19.0,4.039999999999999,2005.0,1.2,38.1
BH043,ZK043,-20.67,-80.24,S8,rock,-19.0,-26.2,7.199999999999999,2549.0,688.3,58.3
BH044,ZK044,-8.11,-40.87,S1,fill,3.34,1.72,1.6199999999999999,1790.0,20.7,18.0
BH044,ZK044,-8.11,-40.87,S2,clay,1.72,-0.8,2.52,1891.0,50.0,15.2
BH044,ZK044,-8.11,-40.87,S3,silt,-0.8,-2.32,1.5199999999999998,1887.0,36.9,25.4
BH044,ZK044,-8.11,-40.87,S4,sand,-2.32,-7.37,5.050000000000001,2039.0,1.1,33.9
BH044,ZK044,-8.11,-40.87,S5,clay,-7.37,-10.63,3.2600000000000007,2007.0,60.7,17.0
BH044,ZK044,-8.11,-40.87,S6,gravel,-10.63,-13.32,2.6899999999999995,2038.0,10.9,42.2
BH044,ZK044,-8.11,-40.87,S7,sand,-13.32,-17.88,4.559999999999999,1921.0,4.6,41.5
BH044,ZK044,-8.11,-40.87,S8,rock,-17.88,-25.42,7.540000000000003,2598.0,233.1,48.4
BH045,ZK045,-3.38,-15.83,S1,fill,3.15,0.59,2.56,1749.0,8.1,21.9
BH045,ZK045,-3.38,-15.83,S2,clay,0.59,-1.94,2.53,1951.0,37.7,18.4
BH045,ZK045,-3.38,-15.83,S3,silt,-1.94,-4.26,2.32,1806.0,23.2,19.3
BH045,ZK045,-3.38,-15.83,S4,sand,-4.26,-8.11,3.8499999999999996,1940.0,10.8,30.3
BH045,ZK045,-3.38,-15.83,S5,clay,-8.11,-12.24,4.130000000000001,1899.0,32.2,14.7
BH045,ZK045,-3.38,-15.83,S6,gravel,-12.24,-15.52,3.2799999999999994,2087.0,3.8,37.3
BH045,ZK045,-3.38,-15.83,S7,sand,-15.52,-19.31,3.789999999999999,2078.0,0.0,33.3
BH045,ZK045,-3.38,-15.83,S8,rock,-19.31,-26.85,7.540000000000003,2452.0,451.7,45.0
BH046,ZK046,-26.41,21.4,S1,fill,1.77,-0.01,1.78,1729.0,16.4,23.6
BH046,ZK046,-26.41,21.4,S2,clay,-0.01,-2.79,2.7800000000000002,1907.0,43.6,8.4
BH046,ZK046,-26.41,21.4,S3,silt,-2.79,-4.58,1.79,1881.0,22.1,21.8
BH046,ZK046,-26.41,21.4,S4,sand,-4.58,-7.72,3.1399999999999997,1995.0,6.3,34.7
BH046,ZK046,-26.41,21.4,S5,clay,-7.72,-11.16,3.4400000000000004,1948.0,42.5,20.7
BH046,ZK046,-26.41,21.4,S6,gravel,-11.16,-14.6,3.4399999999999995,1995.0,0.8,38.6
BH046,ZK046,-26.41,21.4,S7,sand,-14.6,-18.8,4.200000000000001,2050.0,6.2,31.8
BH046,ZK046,-26.41,21.4,S8,rock,-18.8,-26.26,7.460000000000001,2250.0,317.2,51.8
BH047,ZK047,-7.18,46.84,S1,fill,2.43,0.83,1.6,1752.0,15.1,21.5
BH047,ZK047,-7.18,46.84,S2,clay,0.83,-3.01,3.84,1935.0,47.4,17.2
BH047,ZK047,-7.18,46.84,S3,silt,-3.01,-5.09,2.08,1849.0,27.5,18.3
BH047,ZK047,-7.18,46.84,S4,sand,-5.09,-9.76,4.67,1987.0,4.9,31.2
BH047,ZK047,-7.18,46.84,S5,clay,-9.76,-13.77,4.01,1954.0,57.1,12.7
BH047,ZK047,-7.18,46.84,S6,gravel,-13.77,-17.58,3.8099999999999987,2002.0,12.2,38.0
BH047,ZK047,-7.18,46.84,S7,sand,-17.58,-20.64,3.0600000000000023,1985.0,5.9,33.9
BH047,ZK047,-7.18,46.84,S8,rock,-20.64,-27.57,6.93,2320.0,296.7,43.5
BH048,ZK048,-6.87,74.81,S1,fill,3.18,1.44,1.7400000000000002,1802.0,15.5,14.8
BH048,ZK048,-6.87,74.81,S2,clay,1.44,-2.26,3.6999999999999997,1902.0,32.3,17.8
BH048,ZK048,-6.87,74.81,S3,silt,-2.26,-3.81,1.5500000000000003,1846.0,31.3,27.1
BH048,ZK048,-6.87,74.81,S4,sand,-3.81,-7.44,3.6300000000000003,2089.0,8.0,37.6
BH048,ZK048,-6.87,74.81,S5,clay,-7.44,-11.08,3.6399999999999997,1972.0,32.1,15.9
BH048,ZK048,-6.87,74.81,S6,gravel,-11.08,-13.44,2.3599999999999994,1994.0,7.0,42.4
BH048,ZK048,-6.87,74.81,S7,sand,-13.44,-16.65,3.209999999999999,1939.0,0.0,38.5
BH048,ZK048,-6.87,74.81,S8,rock,-16.65,-24.33,7.68,2437.0,343.1,39.7
BH049,ZK049,-14.32,102.83,S1,fill,3.01,0.51,2.5,1806.0,11.9,23.0
BH049,ZK049,-14.32,102.83,S2,clay,0.51,-2.71,3.2199999999999998,1871.0,47.0,12.5
BH049,ZK049,-14.32,102.83,S3,silt,-2.71,-4.32,1.6100000000000003,1819.0,31.4,19.6
BH049,ZK049,-14.32,102.83,S4,sand,-4.32,-8.19,3.869999999999999,2029.0,0.9,31.1
BH049,ZK049,-14.32,102.83,S5,clay,-8.19,-11.55,3.360000000000001,1921.0,52.8,16.1
BH049,ZK049,-14.32,102.83,S6,gravel,-11.55,-15.5,3.9499999999999993,2046.0,4.4,41.3
BH049,ZK049,-14.32,102.83,S7,sand,-15.5,-19.54,4.039999999999999,2069.0,9.8,27.5
BH049,ZK049,-14.32,102.83,S8,rock,-19.54,-26.99,7.449999999999999,2251.0,587.5,37.4
BH050,ZK050,-29.24,123.24,S1,fill,2.54,0.28,2.26,1740.0,5.9,17.5
BH050,ZK050,-29.24,123.24,S2,clay,0.28,-3.7,3.9800000000000004,1876.0,29.8,14.6
BH050,ZK050,-29.24,123.24,S3,silt,-3.7,-6.27,2.5699999999999994,1886.0,30.3,20.1
BH050,ZK050,-29.24,123.24,S4,sand,-6.27,-12.58,6.3100000000000005,1993.0,5.6,36.1
BH050,ZK050,-29.24,123.24,S5,clay,-12.58,-15.98,3.4000000000000004,1923.0,57.6,20.9
BH050,ZK050,-29.24,123.24,S6,gravel,-15.98,-20.39,4.41,2108.0,14.9,36.1
BH050,ZK050,-29.24,123.24,S7,sand,-20.39,-24.51,4.120000000000001,1973.0,0.0,32.4
BH050,ZK050,-29.24,123.24,S8,rock,-24.51,-27.46,2.9499999999999993,2249.0,619.2,47.8
BH051,ZK051,0.94,-130.91,S1,fill,2.71,-0.16,2.87,1757.0,15.7,19.6
BH051,ZK051,0.94,-130.91,S2,clay,-0.16,-2.52,2.36,1936.0,26.8,15.1
BH051,ZK051,0.94,-130.91,S3,silt,-2.52,-4.65,2.1300000000000003,1831.0,13.7,21.1
BH051,ZK051,0.94,-130.91,S4,sand,-4.65,-7.73,3.08,1946.0,0.0,37.0
BH051,ZK051,0.94,-130.91,S5,clay,-7.73,-11.02,3.289999999999999,1985.0,57.6,13.9
BH051,ZK051,0.94,-130.91,S6,gravel,-11.02,-13.5,2.4800000000000004,2102.0,2.8,33.9
BH051,ZK051,0.94,-130.91,S7,sand,-13.5,-16.53,3.030000000000001,1999.0,9.5,33.0
BH051,ZK051,0.94,-130.91,S8,rock,-16.53,-22.66,6.129999999999999,2213.0,661.9,53.4
BH052,ZK052,9.43,-104.74,S1,fill,3.24,0.17,3.0700000000000003,1781.0,19.7,23.3
BH052,ZK052,9.43,-104.74,S2,clay,0.17,-2.17,2.34,1940.0,49.3,13.1
BH052,ZK052,9.43,-104.74,S3,silt,-2.17,-3.42,1.25,1912.0,37.3,23.3
BH052,ZK052,9.43,-104.74,S4,sand,-3.42,-7.57,4.15,2004.0,12.7,31.7
BH052,ZK052,9.43,-104.74,S5,clay,-7.57,-11.61,4.039999999999999,1989.0,43.3,12.7
BH052,ZK052,9.43,-104.74,S6,gravel,-11.61,-14.38,2.7700000000000014,2083.0,17.2,38.4
BH052,ZK052,9.43,-104.74,S7,sand,-14.38,-18.82,4.4399999999999995,2020.0,6.8,35.8
BH052,ZK052,9.43,-104.74,S8,rock,-18.82,-24.9,6.079999999999998,2546.0,548.5,48.6
BH053,ZK053,27.23,-82.52,S1,fill,2.72,1.18,1.5400000000000003,1782.0,15.2,25.1
BH053,ZK053,27.23,-82.52,S2,clay,1.18,-2.27,3.45,1957.0,28.0,15.9
BH053,ZK053,27.23,-82.52,S3,silt,-2.27,-4.55,2.28,1863.0,30.4,18.2
BH053,ZK053,27.23,-82.52,S4,sand,-4.55,-10.04,5.489999999999999,2018.0,6.3,37.0
BH053,ZK053,27.23,-82.52,S5,clay,-10.04,-12.98,2.9400000000000013,1879.0,34.8,12.4
BH053,ZK053,27.23,-82.52,S6,gravel,-12.98,-15.35,2.369999999999999,2110.0,3.8,36.5
BH053,ZK053,27.23,-82.52,S7,sand,-15.35,-19.38,4.029999999999999,1933.0,0.4,36.2
BH053,ZK053,27.23,-82.52,S8,rock,-19.38,-27.28,7.900000000000002,2273.0,244.3,46.5
BH054,ZK054,12.31,-37.33,S1,fill,3.22,0.44,2.7800000000000002,1774.0,4.4,21.1
BH054,ZK054,12.31,-37.33,S2,clay,0.44,-2.29,2.73,1916.0,31.6,11.5
BH054,ZK054,12.31,-37.33,S3,silt,-2.29,-4.23,1.9400000000000004,1875.0,24.8,26.1
BH054,ZK054,12.31,-37.33,S4,sand,-4.23,-7.97,3.7399999999999993,1990.0,11.2,32.8
BH054,ZK054,12.31,-37.33,S5,clay,-7.97,-11.52,3.55,2017.0,41.4,12.8
BH054,ZK054,12.31,-37.33,S6,gravel,-11.52,-15.6,4.08,2020.0,15.2,40.5
BH054,ZK054,12.31,-37.33,S7,sand,-15.6,-19.21,3.610000000000001,2037.0,0.0,35.4
BH054,ZK054,12.31,-37.33,S8,rock,-19.21,-25.56,6.349999999999998,2256.0,692.1,44.7
BH055,ZK055,6.86,-27.69,S1,fill,3.56,1.26,2.3,1703.0,13.1,24.4
BH055,ZK055,6.86,-27.69,S2,clay,1.26,-2.19,3.45,1855.0,27.8,17.8
BH055,ZK055,6.86,-27.69,S3,silt,-2.19,-4.38,2.19,1840.0,24.1,19.7
BH055,ZK055,6.86,-27.69,S4,sand,-4.38,-10.33,5.95,1912.0,2.4,25.6
BH055,ZK055,6.86,-27.69,S5,clay,-10.33,-14.87,4.539999999999999,1873.0,43.0,17.1
BH055,ZK055,6.86,-27.69,S6,gravel,-14.87,-18.64,3.7700000000000014,2028.0,0.0,38.6
BH055,ZK055,6.86,-27.69,S7,sand,-18.64,-22.79,4.149999999999999,2029.0,0.0,33.8
BH055,ZK055,6.86,-27.69,S8,rock,-22.79,-26.44,3.650000000000002,2253.0,216.0,43.7
BH056,ZK056,8.69,4.84,S1,fill,3.49,1.54,1.9500000000000002,1746.0,18.7,17.5
BH056,ZK056,8.69,4.84,S2,clay,1.54,-1.98,3.52,1922.0,48.5,14.5
BH056,ZK056,8.69,4.84,S3,silt,-1.98,-4.26,2.28,1825.0,22.7,18.1
BH056,ZK056,8.69,4.84,S4,sand,-4.26,-9.34,5.08,2006.0,0.5,38.4
BH056,ZK056,8.69,4.84,S5,clay,-9.34,-12.71,3.370000000000001,2014.0,34.7,16.0
BH056,ZK056,8.69,4.84,S6,gravel,-12.71,-15.75,3.039999999999999,2035.0,7.1,43.0
BH056,ZK056,8.69,4.84,S7,sand,-15.75,-19.03,3.280000000000001,1966.0,0.0,35.6
BH056,ZK056,8.69,4.84,S8,rock,-19.03,-26.51,7.48,2468.0,649.5,52.2
BH057,ZK057,27.89,54.24,S1,fill,4.18,0.78,3.3999999999999995,1832.0,9.3,20.7
BH057,ZK057,27.89,54.24,S2,clay,0.78,-1.67,2.45,1891.0,34.0,12.7
BH057,ZK057,27.89,54.24,S3,silt,-1.67,-3.47,1.8000000000000003,1835.0,29.7,22.5
BH057,ZK057,27.89,54.24,S4,sand,-3.47,-7.64,4.17,2015.0,10.4,38.8
BH057,ZK057,27.89,54.24,S5,clay,-7.64,-11.25,3.6100000000000003,1938.0,30.0,18.5
BH057,ZK057,27.89,54.24,S6,gravel,-11.25,-14.51,3.26,2100.0,3.6,44.9
BH057,ZK057,27.89,54.24,S7,sand,-14.51,-18.72,4.209999999999999,1961.0,2.4,35.4
BH057,ZK057,27.89,54.24,S8,rock,-18.72,-25.82,7.100000000000001,2555.0,353.2,53.7
BH058,ZK058,19.0,86.14,S1,fill,4.32,2.48,1.8400000000000003,1814.0,9.6,20.6
BH058,ZK058,19.0,86.14,S2,clay,2.48,-0.05,2.53,1913.0,40.6,5.6
BH058,ZK058,19.0,86.14,S3,silt,-0.05,-2.18,2.1300000000000003,1814.0,26.1,22.3
BH058,ZK058,19.0,86.14,S4,sand,-2.18,-7.62,5.4399999999999995,1910.0,7.8,34.9
BH058,ZK058,19.0,86.14,S5,clay,-7.62,-11.08,3.46,1942.0,36.2,15.9
BH058,ZK058,19.0,86.14,S6,gravel,-11.08,-13.74,2.66,2021.0,7.4,44.8
BH058,ZK058,19.0,86.14,S7,sand,-13.74,-17.23,3.49,2041.0,6.8,35.6
BH058,ZK058,19.0,86.14,S8,rock,-17.23,-22.42,5.190000000000001,2328.0,446.2,50.5
BH059,ZK059,24.11,95.6,S1,fill,3.21,1.58,1.63,1816.0,4.0,19.8
BH059,ZK059,24.11,95.6,S2,clay,1.58,-1.12,2.7,1928.0,51.0,7.7
BH059,ZK059,24.11,95.6,S3,silt,-1.12,-3.03,1.9099999999999997,1887.0,30.9,23.4
BH059,ZK059,24.11,95.6,S4,sand,-3.03,-6.12,3.0900000000000003,1986.0,2.1,36.1
BH059,ZK059,24.11,95.6,S5,clay,-6.12,-10.27,4.1499999999999995,1955.0,40.0,14.6
BH059,ZK059,24.11,95.6,S6,gravel,-10.27,-12.13,1.8600000000000012,2039.0,1.4,43.1
BH059,ZK059,24.11,95.6,S7,sand,-12.13,-16.03,3.9000000000000004,2096.0,5.5,35.7
BH059,ZK059,24.11,95.6,S8,rock,-16.03,-24.97,8.939999999999998,2196.0,563.2,47.3
BH060,ZK060,26.78,136.18,S1,fill,3.81,2.0,1.81,1776.0,9.4,17.4
BH060,ZK060,26.78,136.18,S2,clay,2.0,0.16,1.84,1894.0,30.7,11.5
BH060,ZK060,26.78,136.18,S3,silt,0.16,-0.9,1.06,1833.0,14.4,26.1
BH060,ZK060,26.78,136.18,S4,sand,-0.9,-3.59,2.69,1921.0,6.0,31.1
BH060,ZK060,26.78,136.18,S5,clay,-3.59,-5.74,2.1500000000000004,1944.0,43.7,10.5
BH060,ZK060,26.78,136.18,S6,gravel,-5.74,-7.92,2.1799999999999997,2115.0,6.6,39.8
BH060,ZK060,26.78,136.18,S7,sand,-7.92,-10.56,2.6400000000000006,2000.0,4.5,37.8
BH060,ZK060,26.78,136.18,S8,rock,-10.56,-16.26,5.700000000000001,2530.0,241.4,42.4
BH061,ZK061,54.22,-123.12,S1,fill,1.46,-0.42,1.88,1692.0,13.0,24.0
BH061,ZK061,54.22,-123.12,S2,clay,-0.42,-2.11,1.69,1869.0,34.5,11.9
BH061,ZK061,54.22,-123.12,S3,silt,-2.11,-3.61,1.5,1811.0,24.8,19.1
BH061,ZK061,54.22,-123.12,S4,sand,-3.61,-6.73,3.1200000000000006,1956.0,8.3,34.1
BH061,ZK061,54.22,-123.12,S5,clay,-6.73,-9.92,3.1899999999999995,1929.0,52.8,16.4
BH061,ZK061,54.22,-123.12,S6,gravel,-9.92,-12.67,2.75,2013.0,1.4,42.6
BH061,ZK061,54.22,-123.12,S7,sand,-12.67,-16.12,3.450000000000001,1943.0,8.1,39.4
BH061,ZK061,54.22,-123.12,S8,rock,-16.12,-22.67,6.550000000000001,2187.0,689.0,39.1
BH062,ZK062,39.54,-116.7,S1,fill,2.53,-0.03,2.5599999999999996,1733.0,10.9,27.2
BH062,ZK062,39.54,-116.7,S2,clay,-0.03,-2.55,2.52,1887.0,37.1,12.7
BH062,ZK062,39.54,-116.7,S3,silt,-2.55,-4.26,1.71,1850.0,30.9,20.9
BH062,ZK062,39.54,-116.7,S4,sand,-4.26,-8.65,4.390000000000001,1887.0,9.7,31.3
BH062,ZK062,39.54,-116.7,S5,clay,-8.65,-11.29,2.639999999999999,1925.0,36.1,8.3
BH062,ZK062,39.54,-116.7,S6,gravel,-11.29,-13.34,2.0500000000000007,2103.0,15.0,37.4
BH062,ZK062,39.54,-116.7,S7,sand,-13.34,-16.61,3.2699999999999996,1992.0,3.7,30.6
BH062,ZK062,39.54,-116.7,S8,rock,-16.61,-21.14,4.530000000000001,2501.0,377.8,48.5
BH063,ZK063,36.84,-77.19,S1,fill,3.01,0.36,2.65,1863.0,8.9,13.6
BH063,ZK063,36.84,-77.19,S2,clay,0.36,-2.73,3.09,1895.0,43.4,9.5
BH063,ZK063,36.84,-77.19,S3,silt,-2.73,-4.14,1.4099999999999997,1852.0,17.6,27.6
BH063,ZK063,36.84,-77.19,S4,sand,-4.14,-7.22,3.08,1942.0,11.4,38.1
BH063,ZK063,36.84,-77.19,S5,clay,-7.22,-11.76,4.54,1959.0,39.0,12.6
BH063,ZK063,36.84,-77.19,S6,gravel,-11.76,-14.75,2.99,2046.0,2.7,38.8
BH063,ZK063,36.84,-77.19,S7,sand,-14.75,-19.16,4.41,2050.0,1.0,36.0
BH063,ZK063,36.84,-77.19,S8,rock,-19.16,-25.68,6.52,2476.0,606.5,45.2
BH064,ZK064,54.54,-34.18,S1,fill,3.1,-0.3,3.4,1840.0,17.0,21.4
BH064,ZK064,54.54,-34.18,S2,clay,-0.3,-2.71,2.41,1887.0,35.0,15.0
BH064,ZK064,54.54,-34.18,S3,silt,-2.71,-4.1,1.3899999999999997,1919.0,24.1,23.2
BH064,ZK064,54.54,-34.18,S4,sand,-4.1,-9.54,5.4399999999999995,1917.0,6.4,35.0
BH064,ZK064,54.54,-34.18,S5,clay,-9.54,-14.51,4.970000000000001,1957.0,41.0,18.9
BH064,ZK064,54.54,-34.18,S6,gravel,-14.51,-17.95,3.4399999999999995,2002.0,12.6,40.1
BH064,ZK064,54.54,-34.18,S7,sand,-17.95,-21.52,3.5700000000000003,1977.0,4.1,35.7
BH064,ZK064,54.54,-34.18,S8,rock,-21.52,-26.9,5.379999999999999,2414.0,445.8,53.3
BH065,ZK065,30.21,-14.68,S1,fill,3.64,1.02,2.62,1711.0,13.4,18.1
BH065,ZK065,30.21,-14.68,S2,clay,1.02,-3.61,4.63,1859.0,29.8,10.6
BH065,ZK065,30.21,-14.68,S3,silt,-3.61,-5.89,2.28,1845.0,32.5,27.7
BH065,ZK065,30.21,-14.68,S4,sand,-5.89,-9.9,4.010000000000001,1938.0,2.9,33.3
BH065,ZK065,30.21,-14.68,S5,clay,-9.9,-13.27,3.369999999999999,1954.0,42.8,13.0
BH065,ZK065,30.21,-14.68,S6,gravel,-13.27,-17.61,4.34,2070.0,5.4,44.8
BH065,ZK065,30.21,-14.68,S7,sand,-17.61,-22.0,4.390000000000001,1997.0,7.1,28.7
BH065,ZK065,30.21,-14.68,S8,rock,-22.0,-26.36,4.359999999999999,2621.0,651.9,49.8
BH066,ZK066,42.52,6.66,S1,fill,4.12,1.61,2.51,1850.0,1.9,25.1
BH066,ZK066,42.52,6.66,S2,clay,1.61,-2.48,4.09,1901.0,43.2,16.7
BH066,ZK066,42.52,6.66,S3,silt,-2.48,-4.51,2.03,1881.0,23.2,16.0
BH066,ZK066,42.52,6.66,S4,sand,-4.51,-9.8,5.290000000000001,1897.0,2.9,38.4
BH066,ZK066,42.52,6.66,S5,clay,-9.8,-15.3,5.5,1965.0,58.8,17.4
BH066,ZK066,42.52,6.66,S6,gravel,-15.3,-19.06,3.759999999999998,2089.0,0.0,41.8
BH066,ZK066,42.52,6.66,S7,sand,-19.06,-22.88,3.8200000000000003,2055.0,2.7,35.0
BH066,ZK066,42.52,6.66,S8,rock,-22.88,-25.88,3.0,2258.0,321.0,44.7
BH067,ZK067,33.6,40.13,S1,fill,2.75,0.26,2.49,1867.0,14.8,23.9
BH067,ZK067,33.6,40.13,S2,clay,0.26,-3.88,4.14,1909.0,45.0,7.7
BH067,ZK067,33.6,40.13,S3,silt,-3.88,-6.54,2.66,1887.0,20.7,18.6
BH067,ZK067,33.6,40.13,S4,sand,-6.54,-10.25,3.71,1997.0,0.0,33.9
BH067,ZK067,33.6,40.13,S5,clay,-10.25,-14.13,3.880000000000001,1977.0,39.4,9.2
BH067,ZK067,33.6,40.13,S6,gravel,-14.13,-16.54,2.4099999999999984,2125.0,4.2,41.6
BH067,ZK067,33.6,40.13,S7,sand,-16.54,-20.24,3.6999999999999993,2065.0,7.9,35.4
BH067,ZK067,33.6,40.13,S8,rock,-20.24,-26.14,5.900000000000002,2313.0,410.1,50.7
BH068,ZK068,58.29,69.7,S1,fill,4.03,1.82,2.21,1871.0,7.5,26.4
BH068,ZK068,58.29,69.7,S2,clay,1.82,-1.68,3.5,1895.0,44.3,9.4
BH068,ZK068,58.29,69.7,S3,silt,-1.68,-3.22,1.5400000000000003,1836.0,27.9,22.0
BH068,ZK068,58.29,69.7,S4,sand,-3.22,-8.0,4.779999999999999,1949.0,8.7,35.3
BH068,ZK068,58.29,69.7,S5,clay,-8.0,-10.76,2.76,1961.0,44.2,15.6
BH068,ZK068,58.29,69.7,S6,gravel,-10.76,-14.16,3.4000000000000004,2081.0,8.0,42.6
BH068,ZK068,58.29,69.7,S7,sand,-14.16,-18.42,4.260000000000002,2031.0,0.0,32.0
BH068,ZK068,58.29,69.7,S8,rock,-18.42,-24.55,6.129999999999999,2253.0,499.7,44.5
BH069,ZK069,45.56,111.09,S1,fill,4.09,2.78,1.31,1768.0,17.5,19.2
BH069,ZK069,45.56,111.09,S2,clay,2.78,0.92,1.8599999999999999,1857.0,49.3,13.2
BH069,ZK069,45.56,111.09,S3,silt,0.92,-0.74,1.6600000000000001,1918.0,23.9,18.5
BH069,ZK069,45.56,111.09,S4,sand,-0.74,-3.65,2.91,1984.0,1.9,34.0
BH069,ZK069,45.56,111.09,S5,clay,-3.65,-6.01,2.36,1902.0,45.2,19.3
BH069,ZK069,45.56,111.09,S6,gravel,-6.01,-9.02,3.01,2049.0,0.0,46.4
BH069,ZK069,45.56,111.09,S7,sand,-9.02,-12.81,3.790000000000001,2122.0,6.8,32.4
BH069,ZK069,45.56,111.09,S8,rock,-12.81,-17.7,4.889999999999999,2329.0,282.9,54.5
BH070,ZK070,40.91,149.15,S1,fill,3.4,0.93,2.4699999999999998,1748.0,13.3,16.7
BH070,ZK070,40.91,149.15,S2,clay,0.93,-1.99,2.92,1935.0,39.3,17.1
BH070,ZK070,40.91,149.15,S3,silt,-1.99,-3.63,1.64,1833.0,26.6,23.9
BH070,ZK070,40.91,149.15,S4,sand,-3.63,-7.91,4.28,1916.0,5.8,29.4
BH070,ZK070,40.91,149.15,S5,clay,-7.91,-11.81,3.9000000000000004,1930.0,53.6,18.7
BH070,ZK070,40.91,149.15,S6,gravel,-11.81,-14.0,2.1899999999999995,2019.0,4.9,33.9
BH070,ZK070,40.91,149.15,S7,sand,-14.0,-17.78,3.780000000000001,2089.0,4.1,39.5
BH070,ZK070,40.91,149.15,S8,rock,-17.78,-25.73,7.949999999999999,2457.0,399.5,51.9
BH071,ZK071,88.87,-142.45,S1,fill,1.04,-1.23,2.27,1815.0,13.2,22.0
BH071,ZK071,88.87,-142.45,S2,clay,-1.23,-3.8,2.57,1952.0,51.3,8.8
BH071,ZK071,88.87,-142.45,S3,silt,-3.8,-5.49,1.6900000000000004,1833.0,19.6,25.0
BH071,ZK071,88.87,-142.45,S4,sand,-5.49,-8.53,3.039999999999999,1937.0,5.8,38.5
BH071,ZK071,88.87,-142.45,S5,clay,-8.53,-11.2,2.67,1988.0,58.5,19.2
BH071,ZK071,88.87,-142.45,S6,gravel,-11.2,-13.19,1.9900000000000002,2151.0,10.2,38.3
BH071,ZK071,88.87,-142.45,S7,sand,-13.19,-15.78,2.59,2016.0,6.0,35.7
BH071,ZK071,88.87,-142.45,S8,rock,-15.78,-19.95,4.17,2176.0,522.6,55.2
BH072,ZK072,74.92,-110.97,S1,fill,1.05,-0.66,1.71,1828.0,13.7,22.1
BH072,ZK072,74.92,-110.97,S2,clay,-0.66,-2.7,2.04,1926.0,46.1,12.1
BH072,ZK072,74.92,-110.97,S3,silt,-2.7,-3.88,1.1799999999999997,1805.0,20.6,27.1
BH072,ZK072,74.92,-110.97,S4,sand,-3.88,-6.78,2.9000000000000004,1906.0,0.0,33.2
BH072,ZK072,74.92,-110.97,S5,clay,-6.78,-8.8,2.0200000000000005,1887.0,51.2,14.9
BH072,ZK072,74.92,-110.97,S6,gravel,-8.8,-10.79,1.9899999999999984,2097.0,14.5,35.2
BH072,ZK072,74.92,-110.97,S7,sand,-10.79,-13.44,2.6500000000000004,2022.0,5.3,35.7
BH072,ZK072,74.92,-110.97,S8,rock,-13.44,-19.76,6.320000000000002,2299.0,520.1,57.5
BH073,ZK073,68.55,-88.89,S1,fill,2.69,0.9,1.79,1813.0,5.7,16.6
BH073,ZK073,68.55,-88.89,S2,clay,0.9,-0.85,1.75,1832.0,35.2,6.8
BH073,ZK073,68.55,-88.89,S3,silt,-0.85,-1.81,0.9600000000000001,1894.0,13.1,18.6
BH073,ZK073,68.55,-88.89,S4,sand,-1.81,-4.68,2.8699999999999997,2021.0,5.1,35.5
BH073,ZK073,68.55,-88.89,S5,clay,-4.68,-7.08,2.4000000000000004,1977.0,29.9,15.5
BH073,ZK073,68.55,-88.89,S6,gravel,-7.08,-9.19,2.1099999999999994,2019.0,6.1,37.1
BH073,ZK073,68.55,-88.89,S7,sand,-9.19,-12.16,2.9700000000000006,2036.0,3.4,38.2
BH073,ZK073,68.55,-88.89,S8,rock,-12.16,-18.52,6.359999999999999,2227.0,426.0,45.4
BH074,ZK074,78.29,-44.92,S1,fill,3.03,-0.81,3.84,1720.0,17.7,14.7
BH074,ZK074,78.29,-44.92,S2,clay,-0.81,-4.49,3.68,1893.0,32.2,18.3
BH074,ZK074,78.29,-44.92,S3,silt,-4.49,-5.73,1.2400000000000002,1814.0,20.1,26.8
BH074,ZK074,78.29,-44.92,S4,sand,-5.73,-10.42,4.6899999999999995,1927.0,4.9,27.6
BH074,ZK074,78.29,-44.92,S5,clay,-10.42,-14.94,4.52,1967.0,36.6,17.2
BH074,ZK074,78.29,-44.92,S6,gravel,-14.94,-17.45,2.51,2142.0,4.0,41.5
BH074,ZK074,78.29,-44.92,S7,sand,-17.45,-22.22,4.77,1977.0,0.7,30.8
BH074,ZK074,78.29,-44.92,S8,rock,-22.22,-26.97,4.75,2319.0,756.6,45.7
BH075,ZK075,61.54,-21.64,S1,fill,3.86,0.67,3.19,1749.0,6.7,21.2
BH075,ZK075,61.54,-21.64,S2,clay,0.67,-3.7,4.37,1903.0,49.5,12.3
BH075,ZK075,61.54,-21.64,S3,silt,-3.7,-6.33,2.63,1888.0,23.3,22.5
BH075,ZK075,61.54,-21.64,S4,sand,-6.33,-11.88,5.550000000000001,1967.0,10.8,32.1
BH075,ZK075,61.54,-21.64,S5,clay,-11.88,-17.62,5.74,1898.0,58.0,20.8
BH075,ZK075,61.54,-21.64,S6,gravel,-17.62,-22.11,4.489999999999998,2160.0,3.1,38.7
BH075,ZK075,61.54,-21.64,S7,sand,-22.11,-26.14,4.030000000000001,2039.0,0.0,37.9
BH076,ZK076,87.25,7.19,S1,fill,5.05,1.87,3.1799999999999997,1716.0,19.3,23.2
BH076,ZK076,87.25,7.19,S2,clay,1.87,-1.94,3.81,1933.0,33.3,14.5
BH076,ZK076,87.25,7.19,S3,silt,-1.94,-3.23,1.29,1797.0,37.4,21.3
BH076,ZK076,87.25,7.19,S4,sand,-3.23,-9.24,6.01,1941.0,9.6,34.1
BH076,ZK076,87.25,7.19,S5,clay,-9.24,-13.57,4.33,1973.0,31.0,17.4
BH076,ZK076,87.25,7.19,S6,gravel,-13.57,-18.25,4.68,2081.0,8.6,40.8
BH076,ZK076,87.25,7.19,S7,sand,-18.25,-22.6,4.350000000000001,2023.0,7.9,38.2
BH076,ZK076,87.25,7.19,S8,rock,-22.6,-24.95,2.349999999999998,2307.0,225.5,43.4
BH077,ZK077,64.35,44.68,S1,fill,5.4,1.57,3.83,1796.0,20.3,20.9
BH077,ZK077,64.35,44.68,S2,clay,1.57,-1.96,3.5300000000000002,1872.0,30.2,12.0
BH077,ZK077,64.35,44.68,S3,silt,-1.96,-4.31,2.3499999999999996,1904.0,27.1,26.6
BH077,ZK077,64.35,44.68,S4,sand,-4.31,-9.35,5.04,2012.0,5.0,32.1
BH077,ZK077,64.35,44.68,S5,clay,-9.35,-12.69,3.34,1875.0,41.7,12.6
BH077,ZK077,64.35,44.68,S6,gravel,-12.69,-17.04,4.35,2153.0,1.3,37.6
BH077,ZK077,64.35,44.68,S7,sand,-17.04,-22.49,5.449999999999999,1935.0,4.3,37.4
BH077,ZK077,64.35,44.68,S8,rock,-22.49,-24.6,2.110000000000003,2304.0,488.6,47.7
BH078,ZK078,89.57,67.26,S1,fill,5.07,2.13,2.9400000000000004,1681.0,14.7,15.0
BH078,ZK078,89.57,67.26,S2,clay,2.13,-1.44,3.57,1920.0,31.3,4.7
BH078,ZK078,89.57,67.26,S3,silt,-1.44,-2.87,1.4300000000000002,1826.0,27.1,20.6
BH078,ZK078,89.57,67.26,S4,sand,-2.87,-6.6,3.7299999999999995,1978.0,7.4,33.9
BH078,ZK078,89.57,67.26,S5,clay,-6.6,-9.15,2.5500000000000007,1944.0,52.5,16.7
BH078,ZK078,89.57,67.26,S6,gravel,-9.15,-11.75,2.5999999999999996,2126.0,9.6,38.7
BH078,ZK078,89.57,67.26,S7,sand,-11.75,-15.98,4.23,2094.0,9.0,32.2
BH078,ZK078,89.57,67.26,S8,rock,-15.98,-22.78,6.800000000000001,2533.0,590.2,51.5
BH079,ZK079,80.16,112.85,S1,fill,4.36,1.99,2.37,1826.0,14.0,14.9
BH079,ZK079,80.16,112.85,S2,clay,1.99,-0.32,2.31,1851.0,32.0,12.1
BH079,ZK079,80.16,112.85,S3,silt,-0.32,-1.26,0.94,1903.0,22.8,25.4
BH079,ZK079,80.16,112.85,S4,sand,-1.26,-4.24,2.9800000000000004,2026.0,0.0,40.2
BH079,ZK079,80.16,112.85,S5,clay,-4.24,-7.7,3.46,1939.0,38.2,16.7
BH079,ZK079,80.16,112.85,S6,gravel,-7.7,-9.69,1.9899999999999993,2044.0,8.6,46.6
BH079,ZK079,80.16,112.85,S7,sand,-9.69,-13.23,3.540000000000001,2003.0,7.1,36.6
BH079,ZK079,80.16,112.85,S8,rock,-13.23,-18.22,4.989999999999998,2428.0,466.0,47.4
BH080,ZK080,67.13,141.85,S1,fill,3.92,2.24,1.6799999999999997,1688.0,15.9,21.7
BH080,ZK080,67.13,141.85,S2,clay,2.24,-0.2,2.4400000000000004,1887.0,42.5,14.2
BH080,ZK080,67.13,141.85,S3,silt,-0.2,-0.97,0.77,1862.0,37.3,22.2
BH080,ZK080,67.13,141.85,S4,sand,-0.97,-4.74,3.7700000000000005,1957.0,0.1,37.4
BH080,ZK080,67.13,141.85,S5,clay,-4.74,-7.84,3.0999999999999996,1906.0,56.1,13.3
BH080,ZK080,67.13,141.85,S6,gravel,-7.84,-9.92,2.08,2119.0,3.3,43.3
BH080,ZK080,67.13,141.85,S7,sand,-9.92,-12.54,2.619999999999999,2030.0,6.0,32.6
BH080,ZK080,67.13,141.85,S8,rock,-12.54,-17.28,4.740000000000002,2502.0,480.1,43.1
BH081,ZK081,101.03,-131.03,S1,fill,1.6,-0.94,2.54,1809.0,9.1,24.5
BH081,ZK081,101.03,-131.03,S2,clay,-0.94,-2.82,1.88,1858.0,24.5,8.9
BH081,ZK081,101.03,-131.03,S3,silt,-2.82,-4.07,1.2500000000000004,1869.0,24.4,20.8
BH081,ZK081,101.03,-131.03,S4,sand,-4.07,-7.31,3.2399999999999993,1910.0,12.2,33.8
BH081,ZK081,101.03,-131.03,S5,clay,-7.31,-10.84,3.5300000000000002,2001.0,42.0,12.6
BH081,ZK081,101.03,-131.03,S6,gravel,-10.84,-12.9,2.0600000000000005,2130.0,2.3,35.1
BH081,ZK081,101.03,-131.03,S7,sand,-12.9,-15.47,2.5700000000000003,2013.0,0.0,33.1
BH081,ZK081,101.03,-131.03,S8,rock,-15.47,-19.19,3.7200000000000006,2314.0,470.9,46.8
BH082,ZK082,109.01,-103.93,S1,fill,1.19,-0.26,1.45,1864.0,14.1,21.0
BH082,ZK082,109.01,-103.93,S2,clay,-0.26,-2.7,2.4400000000000004,1888.0,41.9,16.7
BH082,ZK082,109.01,-103.93,S3,silt,-2.7,-3.94,1.2399999999999998,1845.0,28.0,25.7
BH082,ZK082,109.01,-103.93,S4,sand,-3.94,-7.68,3.7399999999999998,1952.0,3.5,30.7
BH082,ZK082,109.01,-103.93,S5,clay,-7.68,-10.53,2.8499999999999996,2041.0,47.8,16.5
BH082,ZK082,109.01,-103.93,S6,gravel,-10.53,-13.48,2.950000000000001,2086.0,8.1,40.7
BH082,ZK082,109.01,-103.93,S7,sand,-13.48,-16.23,2.75,2089.0,9.9,31.9
BH082,ZK082,109.01,-103.93,S8,rock,-16.23,-24.0,7.77,2355.0,395.4,47.6
BH083,ZK083,92.71,-64.94,S1,fill,2.9,0.73,2.17,1735.0,11.0,18.1
BH083,ZK083,92.71,-64.94,S2,clay,0.73,-2.12,2.85,1915.0,53.1,12.4
BH083,ZK083,92.71,-64.94,S3,silt,-2.12,-4.0,1.88,1839.0,30.4,19.7
BH083,ZK083,92.71,-64.94,S4,sand,-4.0,-7.04,3.04,2018.0,8.2,27.1
BH083,ZK083,92.71,-64.94,S5,clay,-7.04,-10.85,3.8099999999999996,1904.0,34.6,10.4
BH083,ZK083,92.71,-64.94,S6,gravel,-10.85,-13.54,2.6899999999999995,2073.0,12.8,46.0
BH083,ZK083,92.71,-64.94,S7,sand,-13.54,-16.63,3.09,2007.0,3.3,34.2
BH083,ZK083,92.71,-64.94,S8,rock,-16.63,-24.94,8.310000000000002,2345.0,236.5,50.3
BH084,ZK084,99.62,-54.4,S1,fill,3.94,0.74,3.2,1724.0,22.8,17.1
BH084,ZK084,99.62,-54.4,S2,clay,0.74,-2.84,3.58,1964.0,31.2,15.6
BH084,ZK084,99.62,-54.4,S3,silt,-2.84,-4.8,1.96,1815.0,27.3,21.7
BH084,ZK084,99.62,-54.4,S4,sand,-4.8,-9.78,4.9799999999999995,1994.0,0.4,26.6
BH084,ZK084,99.62,-54.4,S5,clay,-9.78,-13.75,3.9700000000000006,1921.0,39.0,16.1
BH084,ZK084,99.62,-54.4,S6,gravel,-13.75,-16.09,2.34,2123.0,9.6,43.2
BH084,ZK084,99.62,-54.4,S7,sand,-16.09,-20.63,4.539999999999999,2043.0,2.2,30.8
BH084,ZK084,99.62,-54.4,S8,rock,-20.63,-26.06,5.43,2337.0,529.2,37.3
BH085,ZK085,91.22,-12.27,S1,fill,5.18,2.99,2.1899999999999995,1784.0,19.0,22.1
BH085,ZK085,91.22,-12.27,S2,clay,2.99,-0.23,3.22,1880.0,50.1,15.7
BH085,ZK085,91.22,-12.27,S3,silt,-0.23,-1.72,1.49,1856.0,17.6,26.6
BH085,ZK085,91.22,-12.27,S4,sand,-1.72,-8.76,7.04,2065.0,11.2,30.8
BH085,ZK085,91.22,-12.27,S5,clay,-8.76,-14.01,5.25,1910.0,52.0,19.6
BH085,ZK085,91.22,-12.27,S6,gravel,-14.01,-18.68,4.67,2098.0,3.7,30.6
BH085,ZK085,91.22,-12.27,S7,sand,-18.68,-24.82,6.140000000000001,2039.0,0.0,38.0
BH086,ZK086,110.33,0.5,S1,fill,4.36,0.85,3.5100000000000002,1814.0,8.7,18.4
BH086,ZK086,110.33,0.5,S2,clay,0.85,-3.79,4.64,1929.0,36.9,11.5
BH086,ZK086,110.33,0.5,S3,silt,-3.79,-6.56,2.7699999999999996,1818.0,24.9,23.7
BH086,ZK086,110.33,0.5,S4,sand,-6.56,-10.66,4.1000000000000005,2041.0,2.4,34.1
BH086,ZK086,110.33,0.5,S5,clay,-10.66,-15.46,4.800000000000001,1899.0,51.2,18.1
BH086,ZK086,110.33,0.5,S6,gravel,-15.46,-17.99,2.5299999999999976,2013.0,5.1,40.5
BH086,ZK086,110.33,0.5,S7,sand,-17.99,-23.19,5.200000000000003,2015.0,5.8,39.0
BH086,ZK086,110.33,0.5,S8,rock,-23.19,-25.64,2.4499999999999993,2364.0,278.2,42.8
BH087,ZK087,105.36,36.79,S1,fill,5.19,3.03,2.1600000000000006,1724.0,21.6,21.9
BH087,ZK087,105.36,36.79,S2,clay,3.03,-0.91,3.94,1924.0,28.7,12.7
BH087,ZK087,105.36,36.79,S3,silt,-0.91,-3.73,2.82,1824.0,24.1,20.8
BH087,ZK087,105.36,36.79,S4,sand,-3.73,-8.01,4.279999999999999,1983.0,7.4,31.9
BH087,ZK087,105.36,36.79,S5,clay,-8.01,-11.33,3.3200000000000003,1965.0,39.6,14.9
BH087,ZK087,105.36,36.79,S6,gravel,-11.33,-15.39,4.0600000000000005,2027.0,2.7,35.9
BH087,ZK087,105.36,36.79,S7,sand,-15.39,-20.97,5.579999999999998,1998.0,9.2,31.6
BH087,ZK087,105.36,36.79,S8,rock,-20.97,-24.81,3.84,2564.0,474.9,53.0
BH088,ZK088,109.36,65.23,S1,fill,4.81,3.15,1.6599999999999997,1713.0,10.3,19.9
BH088,ZK088,109.36,65.23,S2,clay,3.15,0.79,2.36,1842.0,27.7,19.4
BH088,ZK088,109.36,65.23,S3,silt,0.79,-1.17,1.96,1826.0,30.8,24.7
BH088,ZK088,109.36,65.23,S4,sand,-1.17,-6.76,5.59,1974.0,9.8,36.2
BH088,ZK088,109.36,65.23,S5,clay,-6.76,-10.88,4.120000000000001,2013.0,57.7,17.3
BH088,ZK088,109.36,65.23,S6,gravel,-10.88,-14.65,3.7699999999999996,2051.0,4.0,38.1
BH088,ZK088,109.36,65.23,S7,sand,-14.65,-19.1,4.450000000000001,2098.0,9.3,31.5
BH088,ZK088,109.36,65.23,S8,rock,-19.1,-25.19,6.09,2564.0,582.5,48.9
BH089,ZK089,110.73,101.6,S1,fill,4.8,2.59,2.21,1716.0,14.7,20.8
BH089,ZK089,110.73,101.6,S2,clay,2.59,0.03,2.56,1877.0,23.7,18.8
BH089,ZK089,110.73,101.6,S3,silt,0.03,-1.93,1.96,1867.0,23.3,25.4
BH089,ZK089,110.73,101.6,S4,sand,-1.93,-4.99,3.0600000000000005,1999.0,9.2,27.8
BH089,ZK089,110.73,101.6,S5,clay,-4.99,-7.14,2.1499999999999995,1922.0,33.6,17.4
BH089,ZK089,110.73,101.6,S6,gravel,-7.14,-10.09,2.95,2058.0,7.4,41.1
BH089,ZK089,110.73,101.6,S7,sand,-10.09,-13.08,2.99,2034.0,7.1,37.3
BH089,ZK089,110.73,101.6,S8,rock,-13.08,-20.28,7.200000000000001,2471.0,735.9,44.0
BH090,ZK090,118.1,124.13,S1,fill,4.29,2.96,1.33,1716.0,16.0,17.5
BH090,ZK090,118.1,124.13,S2,clay,2.96,1.13,1.83,1906.0,50.6,15.6
BH090,ZK090,118.1,124.13,S3,silt,1.13,0.17,0.9599999999999999,1824.0,6.9,23.8
BH090,ZK090,118.1,124.13,S4,sand,0.17,-3.9,4.07,1964.0,8.4,32.9
BH090,ZK090,118.1,124.13,S5,clay,-3.9,-6.29,2.39,1893.0,47.2,19.1
BH090,ZK090,118.1,124.13,S6,gravel,-6.29,-8.58,2.29,2090.0,0.0,35.6
BH090,ZK090,118.1,124.13,S7,sand,-8.58,-11.84,3.26,2100.0,11.3,31.7
BH090,ZK090,118.1,124.13,S8,rock,-11.84,-17.62,5.780000000000001,2298.0,749.0,46.3
BH091,ZK091,130.23,-146.6,S1,fill,1.55,0.02,1.53,1799.0,13.6,20.7
BH091,ZK091,130.23,-146.6,S2,clay,0.02,-2.1,2.12,1854.0,40.2,15.6
BH091,ZK091,130.23,-146.6,S3,silt,-2.1,-4.24,2.14,1867.0,22.1,21.7
BH091,ZK091,130.23,-146.6,S4,sand,-4.24,-7.48,3.24,2025.0,8.5,34.3
BH091,ZK091,130.23,-146.6,S5,clay,-7.48,-10.19,2.709999999999999,1987.0,38.6,18.7
BH091,ZK091,130.23,-146.6,S6,gravel,-10.19,-12.34,2.1500000000000004,2041.0,6.9,39.2
BH091,ZK091,130.23,-146.6,S7,sand,-12.34,-15.19,2.8499999999999996,1984.0,6.7,35.2
BH091,ZK091,130.23,-146.6,S8,rock,-15.19,-20.87,5.6800000000000015,2359.0,661.5,55.0
BH092,ZK092,147.74,-93.68,S1,fill,2.77,0.4,2.37,1822.0,20.7,16.7
BH092,ZK092,147.74,-93.68,S2,clay,0.4,-2.08,2.48,1952.0,33.4,11.9
BH092,ZK092,147.74,-93.68,S3,silt,-2.08,-3.97,1.8900000000000001,1816.0,34.5,20.5
BH092,ZK092,147.74,-93.68,S4,sand,-3.97,-6.89,2.9199999999999995,1992.0,5.2,32.0
BH092,ZK092,147.74,-93.68,S5,clay,-6.89,-10.51,3.62,1956.0,46.0,12.1
BH092,ZK092,147.74,-93.68,S6,gravel,-10.51,-12.73,2.2200000000000006,2164.0,3.7,37.1
BH092,ZK092,147.74,-93.68,S7,sand,-12.73,-17.16,4.43,2105.0,7.0,35.3
BH092,ZK092,147.74,-93.68,S8,rock,-17.16,-24.59,7.43,2214.0,450.1,52.0
BH093,ZK093,127.74,-70.2,S1,fill,3.11,0.45,2.6599999999999997,1759.0,13.7,18.7
BH093,ZK093,127.74,-70.2,S2,clay,0.45,-2.87,3.3200000000000003,1917.0,28.9,14.3
BH093,ZK093,127.74,-70.2,S3,silt,-2.87,-4.86,1.9900000000000002,1871.0,19.1,23.1
BH093,ZK093,127.74,-70.2,S4,sand,-4.86,-9.33,4.47,1937.0,0.0,33.5
BH093,ZK093,127.74,-70.2,S5,clay,-9.33,-12.73,3.4000000000000004,1939.0,47.0,14.4
BH093,ZK093,127.74,-70.2,S6,gravel,-12.73,-15.61,2.879999999999999,2048.0,2.4,37.1
BH093,ZK093,127.74,-70.2,S7,sand,-15.61,-19.11,3.5,1930.0,0.0,36.9
BH093,ZK093,127.74,-70.2,S8,rock,-19.11,-26.13,7.02,2581.0,421.6,42.4
BH094,ZK094,144.52,-43.34,S1,fill,4.5,1.48,3.02,1718.0,7.3,24.1
BH094,ZK094,144.52,-43.34,S2,clay,1.48,-0.7,2.1799999999999997,1919.0,33.9,15.0
BH094,ZK094,144.52,-43.34,S3,silt,-0.7,-2.23,1.53,1874.0,17.5,19.7
BH094,ZK094,144.52,-43.34,S4,sand,-2.23,-8.2,5.969999999999999,1987.0,5.3,32.7
BH094,ZK094,144.52,-43.34,S5,clay,-8.2,-10.93,2.7300000000000004,1923.0,32.0,16.2
BH094,ZK094,144.52,-43.34,S6,gravel,-10.93,-13.31,2.380000000000001,2045.0,3.2,42.7
BH094,ZK094,144.52,-43.34,S7,sand,-13.31,-16.45,3.139999999999999,1989.0,4.9,35.0
BH094,ZK094,144.52,-43.34,S8,rock,-16.45,-22.19,5.740000000000002,2540.0,662.0,47.6
BH095,ZK095,135.89,-22.74,S1,fill,4.8,1.86,2.9399999999999995,1784.0,11.2,17.5
BH095,ZK095,135.89,-22.74,S2,clay,1.86,-0.64,2.5,1920.0,24.8,10.9
BH095,ZK095,135.89,-22.74,S3,silt,-0.64,-2.42,1.7799999999999998,1865.0,16.6,18.4
BH095,ZK095,135.89,-22.74,S4,sand,-2.42,-5.91,3.49,2001.0,5.8,32.1
BH095,ZK095,135.89,-22.74,S5,clay,-5.91,-10.31,4.4,1901.0,31.4,21.6
BH095,ZK095,135.89,-22.74,S6,gravel,-10.31,-12.82,2.51,2005.0,11.9,42.7
BH095,ZK095,135.89,-22.74,S7,sand,-12.82,-16.59,3.7699999999999996,1951.0,6.3,35.3
BH095,ZK095,135.89,-22.74,S8,rock,-16.59,-22.61,6.02,2568.0,354.8,42.9
BH096,ZK096,122.79,26.92,S1,fill,5.17,2.52,2.65,1745.0,14.2,21.0
BH096,ZK096,122.79,26.92,S2,clay,2.52,-1.61,4.13,1913.0,30.6,10.0
BH096,ZK096,122.79,26.92,S3,silt,-1.61,-2.97,1.36,1915.0,31.1,19.4
BH096,ZK096,122.79,26.92,S4,sand,-2.97,-7.72,4.75,2031.0,11.4,35.1
BH096,ZK096,122.79,26.92,S5,clay,-7.72,-12.76,5.04,1952.0,35.7,15.4
BH096,ZK096,122.79,26.92,S6,gravel,-12.76,-15.83,3.0700000000000003,2000.0,10.6,42.7
BH096,ZK096,122.79,26.92,S7,sand,-15.83,-21.2,5.369999999999999,1982.0,4.7,40.5
BH096,ZK096,122.79,26.92,S8,rock,-21.2,-24.83,3.629999999999999,2543.0,244.6,50.3
BH097,ZK097,147.01,48.99,S1,fill,4.83,1.58,3.25,1703.0,20.3,22.6
BH097,ZK097,147.01,48.99,S2,clay,1.58,-0.89,2.47,1906.0,48.2,11.7
BH097,ZK097,147.01,48.99,S3,silt,-0.89,-3.37,2.48,1811.0,30.4,26.3
BH097,ZK097,147.01,48.99,S4,sand,-3.37,-8.64,5.2700000000000005,1977.0,7.6,30.4
BH097,ZK097,147.01,48.99,S5,clay,-8.64,-12.16,3.5199999999999996,1895.0,46.9,13.6
BH097,ZK097,147.01,48.99,S6,gravel,-12.16,-15.56,3.4000000000000004,2052.0,9.1,43.9
BH097,ZK097,147.01,48.99,S7,sand,-15.56,-19.89,4.33,2028.0,4.0,34.7
BH097,ZK097,147.01,48.99,S8,rock,-19.89,-25.17,5.280000000000001,2235.0,231.9,52.4
BH098,ZK098,130.17,70.48,S1,fill,4.76,2.98,1.7799999999999998,1743.0,9.7,20.0
BH098,ZK098,130.17,70.48,S2,clay,2.98,0.23,2.75,1867.0,36.6,19.3
BH098,ZK098,130.17,70.48,S3,silt,0.23,-0.76,0.99,1810.0,21.9,24.0
BH098,ZK098,130.17,70.48,S4,sand,-0.76,-3.86,3.0999999999999996,1978.0,9.2,30.2
BH098,ZK098,130.17,70.48,S5,clay,-3.86,-7.15,3.2900000000000005,1892.0,48.9,19.8
BH098,ZK098,130.17,70.48,S6,gravel,-7.15,-10.97,3.8200000000000003,2144.0,15.6,38.9
BH098,ZK098,130.17,70.48,S7,sand,-10.97,-14.96,3.99,2058.0,0.0,37.3
BH098,ZK098,130.17,70.48,S8,rock,-14.96,-24.63,9.669999999999998,2333.0,502.3,44.6
BH099,ZK099,141.78,116.91,S1,fill,4.52,2.78,1.7399999999999998,1838.0,5.1,21.6
BH099,ZK099,141.78,116.91,S2,clay,2.78,0.03,2.75,1938.0,29.3,10.9
BH099,ZK099,141.78,116.91,S3,silt,0.03,-1.41,1.44,1865.0,30.2,23.6
BH099,ZK099,141.78,116.91,S4,sand,-1.41,-4.31,2.8999999999999995,1952.0,0.0,30.0
BH099,ZK099,141.78,116.91,S5,clay,-4.31,-8.6,4.29,1954.0,50.3,15.9
BH099,ZK099,141.78,116.91,S6,gravel,-8.6,-10.65,2.0500000000000007,2099.0,11.0,35.2
BH099,ZK099,141.78,116.91,S7,sand,-10.65,-13.5,2.8499999999999996,2043.0,1.3,38.6
BH099,ZK099,141.78,116.91,S8,rock,-13.5,-22.19,8.690000000000001,2274.0,568.2,47.9
BH100,ZK100,146.61,143.4,S1,fill,3.08,-0.13,3.21,1725.0,17.9,17.6
BH100,ZK100,146.61,143.4,S2,clay,-0.13,-3.24,3.1100000000000003,1957.0,39.8,17.3
BH100,ZK100,146.61,143.4,S3,silt,-3.24,-4.93,1.6899999999999995,1812.0,22.6,22.6
BH100,ZK100,146.61,143.4,S4,sand,-4.93,-8.96,4.030000000000001,2018.0,1.9,30.1
BH100,ZK100,146.61,143.4,S5,clay,-8.96,-13.6,4.639999999999999,1927.0,39.1,9.7
BH100,ZK100,146.61,143.4,S6,gravel,-13.6,-15.65,2.0500000000000007,2121.0,12.9,45.8
BH100,ZK100,146.61,143.4,S7,sand,-15.65,-18.58,2.929999999999998,2036.0,6.9,38.9
BH100,ZK100,146.61,143.4,S8,rock,-18.58,-26.92,8.340000000000003,2277.0,333.7,44.2
